"0","# Run GO enrichment for larval-upregulated DEGs"
"0","DEG.lar.vector <- as.integer(ID.vector %in% as.character(up.LAR.sig.list$Gene))"
"0","names(DEG.lar.vector) <- ID.vector"
"0","DEG.pwf.lar <- nullp(DEG.lar.vector, ID.vector, bias.data = LENGTH.vector, plot.fit = FALSE)"
"0","GO.wall.lar <- goseq(DEG.pwf.lar, ID.vector, gene2cat = GO.terms,"
"0","                     test.cats = c(""GO:CC"", ""GO:BP"", ""GO:MF""),"
"0","                     method = ""Wallenius"", use_genes_without_cat = TRUE)"
"0",""
"0",""
"0",""
"0","# Extract BH-adjusted larval results"
"0","enriched.lar.plot <- GO.wall.lar |>"
"0","  mutate(padj       = p.adjust(over_represented_pvalue, method = ""BH""),"
"0","         stage      = ""Larvae_28"","
"0","         gene_ratio = numDEInCat / numInCat) |>"
"0","  filter(padj < 0.01, !is.na(ontology))"
"0",""
"0","write.csv(enriched.lar.plot , file = ""figures/TableS4_LAR_upregDEG_Enriched_GO_Terms.csv"")"
"0",""
"0","# Run GO enrichment for embryo-upregulated DEGs"
"0","DEG.emb.vector <- as.integer(ID.vector %in% as.character(up.EMB.sig.list$Gene))"
"0","names(DEG.emb.vector) <- ID.vector"
"0","DEG.pwf.emb <- nullp(DEG.emb.vector, ID.vector, bias.data = LENGTH.vector, plot.fit = FALSE)"
"0","GO.wall.emb <- goseq(DEG.pwf.emb, ID.vector, gene2cat = GO.terms,"
"0","                     test.cats = c(""GO:CC"", ""GO:BP"", ""GO:MF""),"
"0","                     method = ""Wallenius"", use_genes_without_cat = TRUE)"
"0",""
"0","enriched.emb.plot <- GO.wall.emb |>"
"0","  mutate(padj       = p.adjust(over_represented_pvalue, method = ""BH""),"
"0","         stage      = ""Embryo_28"","
"0","         gene_ratio = numDEInCat / numInCat) |>"
"0","  filter(padj < 0.01, !is.na(ontology))"
"0",""
"0","write.csv(enriched.emb.plot , file = ""figures/TableS5_EMB_upregDEG_Enriched_GO_Terms.csv"")"
"0",""
"0",""
"0","cat(""Enriched GO terms up in Embryo:"", nrow(enriched.emb.plot), ""\n"")"
"1","Enriched GO terms up in Embryo:"
"1"," "
"1","45"
"1"," "
"1","
"
"0","cat(""Enriched GO terms up in Larvae:"", nrow(enriched.lar.plot), ""\n"")"
"1","Enriched GO terms up in Larvae:"
"1"," "
"1","78"
"1"," "
"1","
"
"0","# Top 10 terms per stage per ontology by padj"
"0","top_terms <- bind_rows(enriched.emb.plot, enriched.lar.plot) |>"
"0","  group_by(stage, ontology) |>"
"0","  slice_min(order_by = padj, n = 10) |>"
"0","  ungroup()"
"0",""
"0","# Expand to all stage x term combinations so missing terms show as empty space"
"0","term_meta <- top_terms |> distinct(term, ontology)"
"0","plot_df <- expand.grid("
"0","    term  = unique(top_terms$term),"
"0","    stage = c(""Embryo_28"", ""Larvae_28""),"
"0","    stringsAsFactors = FALSE"
"0","  ) |>"
"0","  left_join(term_meta, by = ""term"") |>"
"0","  left_join("
"0","    bind_rows(enriched.emb.plot, enriched.lar.plot) |>"
"0","      dplyr::select(term, stage, numDEInCat, gene_ratio, padj),"
"0","    by = c(""term"", ""stage"")"
"0","  )"
"0",""
"0","# Plot"
"0","dotplot <- ggplot(plot_df,"
"0","    aes(x     = stage,"
"0","        y     = reorder(term, gene_ratio, FUN = max, na.rm = TRUE),"
"0","        size  = numDEInCat,"
"0","        color = -log10(padj))) +"
"0","  geom_point(na.rm = TRUE) +"
"0","  scale_color_viridis_c(option = ""plasma"", name = ""-log10(padj)"") +"
"0","  scale_size_continuous(name = ""DEG count"", range = c(1, 8)) +"
"0","  facet_wrap(~ ontology, scales = ""free_y"", ncol = 3) +"
"0","  labs(x = NULL, y = NULL,"
"0","       title = ""Enriched GO Terms: Embryo vs Larvae (28°C)"") +"
"0","  theme_bw() +"
"0","  theme(axis.text.y      = element_text(size = 7),"
"0","        axis.text.x      = element_text(size = 10),"
"0","        strip.background = element_rect(fill = ""grey90""),"
"0","        legend.position  = ""bottom"","
"0","        panel.grid       = element_blank())"
"0","dotplot"
