"0","#### Construct DESeq dataset from matrix"
"0","data <- DESeqDataSetFromMatrix(countData = filt.count.mat, colData = sample_ColData, design = ~ 1)"
"0",""
"0","#apply a regularized log transformation to minimize effects of small counts and normalize wrt library size"
"0","rld <- rlog(data, blind=FALSE)"
"0","#view data"
"0","head(assay(rld), 3)"
"1","              "
"1"," Pverr_106"
"1"," Pverr_108"
"1"," Pverr_110"
"1"," Pverr_112"
"1","
Pver_gene_g288"
"1","  7.053627"
"1","  6.720061"
"1","  6.663390"
"1","  6.826382"
"1","
Pver_gene_g285"
"1","  6.811874"
"1","  6.383161"
"1","  6.489045"
"1","  6.843218"
"1","
Pver_gene_g287"
"1","  4.733688"
"1","  5.190476"
"1","  5.787029"
"1","  4.821834"
"1","
"
"0","#calculate distance between samples"
"0","sampleDists <- dist(t(assay(rld)))"
"0",""
"0","#set as distance matrix"
"0","sampleDistMatrix <- as.matrix(sampleDists)"
"0",""
"0","#assign col names"
"0","colnames(sampleDistMatrix) <- sample_ColData$group"
"0",""
"0","#assign colors"
"0","colors <- colorRampPalette( rev(brewer.pal(9, ""Blues"")) )(255)"
"0",""
"0","#### Plotting heatmap for Expression Visualization of all genes in each sample"
"0","pheatmap(sampleDistMatrix,"
"0","         clustering_distance_rows=sampleDists,"
"0","         clustering_distance_cols=sampleDists,"
"0","         col=colors)"
