"0","#Identify genes that are expressed "
"0","#genes in genome  27,439 "
"0",""
"0","#Identify number of genes that are expressed in the filtered dataset"
"0","genes.expressed <- nrow(filt.count.mat)"
"0",""
"0","#Identify number of genes that are expressed in the entire dataset  "
"0","genes.counted <-nrow(TranscriptCountData)"
"0",""
"0","#proportion of the geneset expressed in the embryo stage"
"0","genes.expressed/genes.counted"
"1","[1]"
"1"," 0.1539779"
"1","
"
"0","#add annotation data to filtered counts"
"0","EGs <- as.data.frame(filt.count.mat)"
"0","#set gene names as row names"
"0","EGs$Gene <- rownames(EGs)"
"0","#join the data"
"0","EG.Annot <- left_join(EGs,Annot,  by=""Gene"")"
"0","#separate short hit name from long name"
"0","EG.Annot <- EG.Annot %>% separate(Hit_description, into = c(""Hit_description1"", ""Hit_description2""),"
"0","          sep = ""\\(|\\)"")"
"0",""
"0","# proportion of expressed genes with hit annotation"
"0","unannot    <- sum(is.na(EG.Annot$Hit_accession))"
"0","prop.annot <- 1 - unannot / genes.expressed"
"0","cat(""Genes with hit annotation:      "", genes.expressed - unannot, ""/"", genes.expressed,"
"0","    ""  ("", round(prop.annot * 100, 2), ""%)\n"")"
"1","Genes with hit annotation:      "
"1"," "
"1","4217"
"1"," "
"1","/"
"1"," "
"1","4225"
"1"," "
"1","  ("
"1"," "
"1","99.81"
"1"," "
"1","%)
"
"0","# proportion of expressed genes with GO annotation"
"0","unannot.GO    <- sum(is.na(EG.Annot$Gene_ontology_IDs))"
"0","prop.GO.annot <- 1 - unannot.GO / genes.expressed"
"0","cat(""Genes with GO annotation:       "", genes.expressed - unannot.GO, ""/"", genes.expressed,"
"0","    ""  ("", round(prop.GO.annot * 100, 2), ""%)\n"")"
"1","Genes with GO annotation:       "
"1"," "
"1","3942"
"1"," "
"1","/"
"1"," "
"1","4225"
"1"," "
"1","  ("
"1"," "
"1","93.3"
"1"," "
"1","%)
"
