"0","# similarity of GO terms in the DEG list for BP"
"0","simMatrix <- calculateSimMatrix(LAR.MF.INT$category,"
"0","                                orgdb=""org.Ce.eg.db"","
"0","                                ont=c(""MF""),"
"0","                                method=""Rel"")"
"0","
# Check what's available from the earlier chunk run
cat(ls()[order(ls())])
"
"1","ALL"
"1"," "
"1","ALL.vector"
"1"," "
"1","ann_colors"
"1"," "
"1","Annot"
"1"," "
"1","annot.genes"
"1"," "
"1","calc.lengths"
"1"," "
"1","colors"
"1"," "
"1","cols"
"1"," "
"1","data"
"1"," "
"1","data2.labels"
"1"," "
"1","DEG"
"1"," "
"1","DEG_LFC"
"1"," "
"1","DEG.int"
"1"," "
"1","DEG.int.res"
"1"," "
"1","DEG.pwf"
"1"," "
"1","DEG.vector"
"1"," "
"1","DEGs"
"1"," "
"1","DEplots"
"1"," "
"1","df"
"1"," "
"1","enriched.GO"
"1"," "
"1","filt"
"1"," "
"1","filt.count.mat"
"1"," "
"1","gene.vector"
"1"," "
"1","gff.genes"
"1"," "
"1","gn.keep"
"1"," "
"1","GO.terms"
"1"," "
"1","GO.wall"
"1"," "
"1","Hmap"
"1"," "
"1","ID.vector"
"1"," "
"1","keep"
"1"," "
"1","LAR.BP.INT"
"1"," "
"1","LAR.CC.INT"
"1"," "
"1","LAR.MF.INT"
"1"," "
"1","LENGTH"
"1"," "
"1","LENGTH.vector"
"1"," "
"1","log2_changes"
"1"," "
"1","mat"
"1"," "
"1","missing.annot.genes"
"1"," "
"1","missing.gff.genes"
"1"," "
"1","missing.trans.genes"
"1"," "
"1","Output"
"1"," "
"1","PC.info"
"1"," "
"1","PCA.plot"
"1"," "
"1","PCA.plot.auto"
"1"," "
"1","reducedTerms.BP.LAR"
"1"," "
"1","res_df"
"1"," "
"1","rld"
"1"," "
"1","rsig"
"1"," "
"1","sample_ColData"
"1"," "
"1","sampleDistMatrix"
"1"," "
"1","sampleDists"
"1"," "
"1","scores"
"1"," "
"1","sig"
"1"," "
"1","sig.list"
"1"," "
"1","sig.num"
"1"," "
"1","simMatrix"
"1"," "
"1","splitted"
"1"," "
"1","tfil"
"1"," "
"1","topT"
"1"," "
"1","trans.genes"
"1"," "
"1","TranscriptCountData"
"1"," "
"1","up.EMB.sig"
"1"," "
"1","up.EMB.sig.list"
"1"," "
"1","up.EMB.sig.list.annot"
"1"," "
"1","up.LAR.sig"
"1"," "
"1","up.LAR.sig.list"
"1"," "
"1","up.LAR.sig.list.annot"
"0","#scoring sig enriched terms by pvalue"
"0","scores <- setNames(-log(LAR.MF.INT$over_represented_pvalue), LAR.MF.INT$category)"
"0",""
"0","#reducing sig enriched terms to higher order terms and grouping them together by a threshold value"
"0","# and weighting them by scores of pvalue"
"0","#higher thresholds result in fewer groups"
"0","reducedTerms.MF.LAR <- reduceSimMatrix(simMatrix,"
"0","                                scores,"
"0","                                threshold=0.9,"
"0","                                orgdb=""org.Ce.eg.db"")"
"0","colnames(reducedTerms.MF.LAR)[1] <- ""category"""
"0",""
"0","pdf(""figures/MF_DEGS_Up_in_Larvae_vs_Emb_Enriched_GOTerms_semsim.pdf"", width = 18, height = 8)"
"0","treemapPlot(reducedTerms.MF.LAR, force.print.labels=T)"
