"0",""
"0","#filter data to embryo stage"
"0","TranscriptCountData <- TranscriptCountData[,c(1:4)]"
"0",""
"0","#filter sample metadata to embryo stage"
"0","sample_ColData <- sample_ColData[c(1:4),]"
"0",""
"0","#set filter values for PoverA, P percent of the samples have counts over A"
"0","filt <- filterfun(pOverA(1,10))"
"0",""
"0","#create filter for the counts data"
"0","tfil <- genefilter(TranscriptCountData, filt)"
"0",""
"0","#identify transcripts to keep by count filter"
"0","keep <- TranscriptCountData[tfil,]"
"0",""
"0","#identify transcript list"
"0","gn.keep <- rownames(keep)"
"0",""
"0","#data filtered in PoverA, P percent of the samples have counts over A"
"0","filt.count.mat <- as.matrix(TranscriptCountData[which(rownames(TranscriptCountData) %in% gn.keep),])"
"0",""
"0","#view filtered data"
"0","head(filt.count.mat)"
"1","              "
"1"," Pverr_006"
"1"," Pverr_007"
"1"," Pverr_008"
"1"," Pverr_009"
"1","
Pver_gene_g289"
"1","        57"
"1","       134"
"1","       126"
"1","        98"
"1","
Pver_gene_g288"
"1","        28"
"1","        23"
"1","        34"
"1","        49"
"1","
Pver_gene_g287"
"1","        64"
"1","        78"
"1","        80"
"1","        84"
"1","
Pver_gene_g281"
"1","        37"
"1","        73"
"1","        68"
"1","        68"
"1","
Pver_gene_g282"
"1","        24"
"1","        67"
"1","        78"
"1","        44"
"1","
Pver_gene_g136"
"1","        76"
"1","       167"
"1","       122"
"1","       117"
"1","
"
