"0","#assign tube ids as rownames in metadata"
"0","rownames(sample_ColData) <- sample_ColData$Tube_ID"
"0",""
"0","#view sample names in data"
"0","colnames(filt.count.mat) "
"1","[1]"
"1"," ""Pverr_006"""
"1"," ""Pverr_007"""
"1"," ""Pverr_008"""
"1"," ""Pverr_009"""
"1","
"
"0","#view sample names in metadata"
"0","rownames(sample_ColData)"
"1","[1]"
"1"," ""Pverr_006"""
"1"," ""Pverr_007"""
"1"," ""Pverr_008"""
"1"," ""Pverr_009"""
"1","
"
"0","# Check all sample IDs in sample_ColData are also in TranscriptCountData and match their orders"
"0","all(rownames(sample_ColData) %in% colnames(filt.count.mat))  #Should return TRUE"
"1","[1]"
"1"," TRUE"
"1","
"
"0","all(rownames(sample_ColData) == colnames(filt.count.mat))    #Should return TRUE"
"1","[1]"
"1"," TRUE"
"1","
"
"0","#identify the treatment column levels"
"0","sample_ColData$group <- factor(sample_ColData$group)"
"0",""
"0","#view levels"
"0","levels(sample_ColData$group)"
"1","[1]"
"1"," ""Embryo_28"""
"1","
"
