"0","DEG_LFC_31 <- Output.Higher.31 %>% arrange(log2FoldChange) %>%"
"0","  ggplot(aes(x=label, y=log2FoldChange, colour=padj)) +"
"0","  ylim(0,10)+"
"0","  geom_point(size=5)+"
"0","  scale_colour_gradientn(colours = colorspace::heat_hcl(7))+"
"0","  geom_segment(aes(x=label, xend=label, y=0, yend=log2FoldChange),linewidth=4) +"
"0","  coord_flip()+"
"0","  theme_classic() +"
"0","  theme(legend.position = c(0.8, 0.1),"
"0","        axis.title.y = element_blank(),"
"0","        axis.title.x = element_text(size = 14, face = ""bold""),"
"0","        plot.title = element_text(size = 40, face = ""bold""))+"
"0","  ggtitle('A')"
"0","DEG_LFC_31"
