"","Pverr_106","Pverr_107","Pverr_108","Pverr_109","Pverr_110","Pverr_111","Pverr_112","Pverr_113"
"Pver_gene_g574",214,232,35,452,110,452,178,271
"Pver_gene_g724",389,329,492,287,372,206,579,199
"Pver_gene_g686",139,414,44,435,76,619,252,699
"Pver_gene_g922",0,110,0,355,20,123,25,148
"Pver_gene_g1697",576,354,215,482,350,365,570,313
"Pver_gene_g2672",355,638,92,1040,282,847,600,564
"Pver_gene_g2709",34,360,0,382,26,280,24,488
"Pver_gene_g2711",64,205,39,156,39,252,63,278
"Pver_gene_g3352",530,302,187,407,330,303,474,248
"Pver_gene_g3373",55,143,6,168,20,143,63,103
"Pver_gene_g3981",449,258,181,243,254,161,426,208
"Pver_gene_g4197",77,114,21,217,49,154,77,110
"Pver_novel_gene_187_5de57afd",685,186,272,219,164,183,352,187
"Pver_gene_g5049",86,94,14,200,30,136,53,140
"Pver_gene_g5460",713,784,175,1223,317,1188,765,980
"Pver_gene_g5537",53,77,17,176,37,118,65,102
"Pver_gene_g6562",36,69,6,203,36,168,32,89
"Pver_gene_g6909",87,23,21,35,49,39,76,24
"Pver_gene_g7099",296,124,87,255,217,146,295,125
"Pver_gene_g7085",126,466,65,489,115,491,185,580
"Pver_gene_g7514",200,119,156,139,185,76,247,126
"Pver_gene_g8381",350,380,96,584,216,537,350,415
"Pver_gene_g8522",174,70,151,55,82,57,175,47
"Pver_gene_g8708",169,290,39,571,96,320,242,389
"Pver_gene_g9098",116,36,33,33,67,46,141,49
"Pver_gene_g9760",190,376,34,802,110,558,287,441
"Pver_gene_g11068",878,1196,189,2278,426,1503,1287,1371
"Pver_gene_g11077",300,81,328,64,125,60,232,59
"Pver_gene_g11301",295,488,92,609,176,579,283,592
"Pver_gene_g12009",362,219,442,253,260,140,454,199
"Pver_gene_g12018",202,260,58,439,129,308,250,273
"Pver_gene_g13708",239,145,187,94,156,94,303,120
"Pver_novel_gene_536_5de57afd",38,106,10,106,25,89,39,99
"Pver_gene_g13843",173,566,63,782,88,634,332,665
"Pver_gene_g15193",84,94,9,154,27,166,39,121
"Pver_gene_g15403",173,85,50,119,107,83,207,93
"Pver_gene_g17874",42,326,8,529,93,281,122,418
"Pver_gene_g17997",244,497,82,785,185,718,391,636
"Pver_gene_g18609",1231,1441,409,2925,803,1932,1702,2018
"Pver_gene_g19202",135,328,28,680,70,384,273,363
"Pver_gene_g22984",417,744,41,1481,130,1424,704,1132
"Pver_gene_g22985",578,693,105,2006,284,2035,885,1539
"Pver_gene_g26042",710,358,1003,515,593,349,705,208
"Pver_gene_g26032",295,1470,180,1539,367,1276,477,1578
"Pver_gene_g26548",107,157,24,250,69,246,96,156
