tube.id,treatment,stage,diameter1,diameter2
tube1,Ambient,Egg,147.646,131.705
tube1,Ambient,Egg,152.814,145.245
tube1,Ambient,Egg,161.875,132.601
tube1,Ambient,Egg,151.571,140.842
tube1,Ambient,Egg,150.033,151.571
tube1,Ambient,Egg,151.635,146.883
tube1,Ambient,Egg,145.405,140.347
tube1,Ambient,Egg,155.318,153.109
tube1,Ambient,Egg,136.654,128.277
tube1,Ambient,Egg,155.263,161.445
tube1,Ambient,Egg,151.305,140.356
tube1,Ambient,Egg,146.584,150.666
tube1,Ambient,Egg,152.213,132.702
tube1,Ambient,Egg,85.267,89.732
tube1,Ambient,Egg,130.251,121.081
tube1,Ambient,Egg,156.882,152.87
tube1,Ambient,Egg,161.853,140.425
tube1,Ambient,Egg,154.719,144.402
tube1,Ambient,Egg,148.314,148.438
tube1,Ambient,Egg,159.566,153.634
tube2,Ambient,Egg,145.969,155.386
tube2,Ambient,Egg,155.999,152.868
tube3,Ambient,Egg,162.497,161.413
tube3,Ambient,Egg,155.841,165.66
tube3,Ambient,Egg,161.362,172.188
tube3,Ambient,Egg,158.813,160.135
tube4,Ambient,Egg,149.96,148.313
tube4,Ambient,Egg,144.107,151.686
tube5,Ambient,Egg,147.54,143.55
tube5,Ambient,Egg,157.053,167.303
tube5,Ambient,Egg,160.718,152.85
tube5,Ambient,Egg,160.609,158.067
tube128,Ambient,Larvae,105.058,104.505
tube128,Ambient,Larvae,117.168,105.149
tube128,Ambient,Larvae,142.465,142.419
tube128,Ambient,Larvae,104.139,94.726
tube128,Ambient,Larvae,117.223,109.418
tube128,Ambient,Larvae,118.903,104.533
tube128,Ambient,Larvae,180.312,126.833
tube128,Ambient,Larvae,136.405,108.491
tube128,Ambient,Larvae,137.987,122.312
tube128,Ambient,Larvae,178.197,163.501
tube128,Ambient,Larvae,169.671,122.117
tube128,Ambient,Larvae,218.45,124.861
tube128,Ambient,Larvae,196.268,127.461
tube136,Ambient,Larvae,192.947,173.017
tube136,Ambient,Larvae,155.535,146.289
tube136,Ambient,Larvae,145.913,141.996
tube136,Ambient,Larvae,117.364,108.692
tube136,Ambient,Larvae,107.737,102.847
tube136,Ambient,Larvae,165.168,139.885
tube136,Ambient,Larvae,146.543,131.576
tube136,Ambient,Larvae,151.858,148.818
tube136,Ambient,Larvae,161.037,129.759
tube136,Ambient,Larvae,146.14,132.221
tube136,Ambient,Larvae,153.533,153.39
tube136,Ambient,Larvae,213.878,145.573
tube136,Ambient,Larvae,134.724,114.62
tube136,Ambient,Larvae,140.336,98.02
tube136,Ambient,Larvae,162.443,158.651
tube140,Ambient,Larvae,183.681,133.336
tube140,Ambient,Larvae,143.734,129.98
tube140,Ambient,Larvae,154.045,123.651
tube140,Ambient,Larvae,165.283,123.469
tube140,Ambient,Larvae,155.573,137.333
tube140,Ambient,Larvae,187.915,126.356
tube140,Ambient,Larvae,117.121,108.29
tube140,Ambient,Larvae,174.114,124.627
tube140,Ambient,Larvae,140.69,126.2
tube124,High,Larvae,144.885,116.485
tube124,High,Larvae,116.611,97.856
tube124,High,Larvae,148.608,119.724
tube124,High,Larvae,106.866,92.913
tube124,High,Larvae,141.49,119.796
tube124,High,Larvae,96.02,71.754
tube124,High,Larvae,207.459,158.611
tube124,High,Larvae,124.339,89.433
tube124,High,Larvae,193.004,148.973
tube124,High,Larvae,146.738,145.9
tube124,High,Larvae,85.443,80.647
tube138,High,Larvae,105.883,91.015
tube138,High,Larvae,138.852,118.191
tube138,High,Larvae,162.437,140.513
tube138,High,Larvae,132.107,129.386
tube142,High,Larvae,136.573,123.338
tube142,High,Larvae,125.535,108.375
tube142,High,Larvae,154.255,127.508
tube142,High,Larvae,126.104,119.697
tube142,High,Larvae,142.417,87.538
tube142,High,Larvae,201.407,168.98
tube142,High,Larvae,176.718,156.323
tube142,High,Larvae,160.813,154.36
tube142,High,Larvae,141.922,141.143
tube142,High,Larvae,133.695,95.757