"0","#calculate the similarity of GO terms in the expressed list for BP"
"0","simMatrix <- calculateSimMatrix(EMB.MF.INT$category,"
"0","                                orgdb=""org.Ce.eg.db"", "
"0","                                ont=c(""MF""),"
"0","                                method=""Rel"")"
"0",""
"0","#scoring sig enriched terms by pvalue"
"0","scores <- setNames(-log(EMB.MF.INT$over_represented_pvalue), EMB.MF.INT$category)"
"0",""
"0","#reducing sig enriched terms to higher order parent terms and grouping them together by a threshold value"
"0","# and weighting them by scores of pvalue"
"0","#higher thresholds result in fewer groups"
"0","reducedTerms.MF.EMB <- reduceSimMatrix(simMatrix,"
"0","                                scores,"
"0","                                threshold=0.9,"
"0","                                orgdb=""org.Ce.eg.db"")"
"0","colnames(reducedTerms.MF.EMB)[1] <- ""category"""
"0",""
"0","#calculate the number of unique parent terms"
"0","length(unique(reducedTerms.MF.EMB$parentTerm))"
"1","[1]"
"1"," 15"
"1","
"
"0","#list the unique parent terms"
"0","unique(reducedTerms.MF.EMB$parentTerm)"
"1"," [1]"
"1"," ""RNA binding""                                           "
"1"," ""microtubule binding""                                   "
"1","
"
"1"," [3]"
"1"," ""chromatin binding""                                     "
"1"," ""transcription coactivator activity""                    "
"1","
"
"1"," [5]"
"1"," ""ubiquitin conjugating enzyme activity""                 "
"1"," ""NADH dehydrogenase (ubiquinone) activity""              "
"1","
"
"1"," [7]"
"1"," ""GTPase activator activity""                             "
"1"," ""nucleoside diphosphate kinase activity""                "
"1","
"
"1"," [9]"
"1"," ""phosphatidylinositol-3,4,5-trisphosphate binding""      "
"1"," ""protein folding chaperone""                             "
"1","
"
"1","[11]"
"1"," ""cytoskeletal motor activity""                           "
"1"," ""protein tyrosine/serine/threonine phosphatase activity"""
"1","
"
"1","[13]"
"1"," ""structural constituent of ribosome""                    "
"1"," ""molecular adaptor activity""                            "
"1","
"
"1","[15]"
"1"," ""protein-containing complex binding""                    "
"1","
"
"0","#plot GO terms under their parent terms"
"0","pdf(""figures/MF_embryo_expression.pdf"", width = 18, height = 8)"
"0","treemapPlot(reducedTerms.MF.EMB, force.print.labels=T)"
