"0","# Get BP GO annotations for the 12 genes higher at 28°C"
"0","genes_28 <- up.28.sig.list.annot$Gene"
"0",""
"0","go_28_named <- Annot |>"
"0","  dplyr::filter(Gene %in% genes_28) |>"
"0","  dplyr::select(Gene, Gene_ontology_IDs) |>"
"0","  tidyr::separate_rows(Gene_ontology_IDs, sep = "";"") |>"
"0","  dplyr::mutate(Gene_ontology_IDs = trimws(Gene_ontology_IDs)) |>"
"0","  dplyr::filter(nchar(Gene_ontology_IDs) > 0) |>"
"0","  dplyr::rename(category = Gene_ontology_IDs) |>"
"0","  dplyr::left_join(GO.wall |> dplyr::select(category, term, ontology) |> dplyr::distinct(),"
"0","                   by = ""category"") |>"
"0","  dplyr::filter(ontology == ""BP"", !is.na(term))"
"0",""
"0","cat(""Unique BP GO terms across the 12 genes:"", length(unique(go_28_named$term)), ""\n"")"
"1","Unique BP GO terms across the 12 genes:"
"1"," "
"1","41"
"1"," "
"1","
"
"0","# Gene labels with short protein name and gene ID"
"0","gene_labels_28 <- up.28.sig.list.annot |>"
"0","  dplyr::mutate("
"0","    short_name = stringr::str_extract(Hit_description, ""^[^(]+"") |> trimws(),"
"0","    short_name = stringr::str_trunc(short_name, 30),"
"0","    label = paste0(short_name, "" ("", gsub(""Pver_(gene_|novel_gene_)"", ""g"", Gene), "")"")"
"0","  ) |>"
"0","  dplyr::select(Gene, label) |>"
"0","  dplyr::left_join(up.28.sig |> dplyr::mutate(Gene = rownames(up.28.sig)) |>"
"0","                     dplyr::select(Gene, log2FoldChange), by = ""Gene"")"
"0",""
"0","# Filter to terms shared by ≥2 genes to match 31°C plot"
"0","term_counts_28 <- go_28_named |>"
"0","  dplyr::count(term) |>"
"0","  dplyr::filter(n >= 2)"
"0","cat(""Terms shared by ≥2 genes:"", nrow(term_counts_28), ""\n"")"
"1","Terms shared by ≥2 genes:"
"1"," "
"1","4"
"1"," "
"1","
"
"0","go_28_filt <- go_28_named |> dplyr::filter(term %in% term_counts_28$term)"
"0",""
"0","# GO annotation tile plot"
"0","tile_28 <- go_28_filt |>"
"0","  dplyr::left_join(gene_labels_28, by = ""Gene"") |>"
"0","  dplyr::filter(!is.na(label)) |>"
"0","  ggplot(aes(x = stringr::str_wrap(term, 25),"
"0","             y = reorder(label, log2FoldChange))) +"
"0","  geom_tile(fill = ""steelblue"", color = ""white"", linewidth = 0.3) +"
"0","  scale_x_discrete(position = ""top"") +"
"0","  labs(x = NULL, y = NULL) +"
"0","  theme_minimal() +"
"0","  theme(axis.text.x = element_text(size = 11, angle = 0, hjust = 0.5),"
"0","        axis.text.y = element_text(size = 11),"
"0","        panel.grid  = element_blank(),"
"0","        plot.title  = element_text(size = 10, face = ""bold""))"
"0",""
"0","# LFC lollipop plot"
"0","lfc28_plot <- Output.Higher.28 |>"
"0","  dplyr::filter(padj < 0.05) |>"
"0","  dplyr::arrange(log2FoldChange) |>"
"0","  ggplot(aes(x = label, y = -log2FoldChange, colour = -log10(padj))) +"
"0","  geom_segment(aes(x = label, xend = label, y = 0, yend = -log2FoldChange), linewidth = 2) +"
"0","  geom_point(size = 4) +"
"0","  scale_color_viridis_c(option = ""plasma"", name = ""-log10(padj)"") +"
"0","  labs(x = NULL, y = ""log2 Fold Change\n(higher at 28°C)"") +"
"0","  theme_classic() +"
"0","  theme(legend.position = ""right"","
"0","        axis.title.y = element_text(size = 14, face = ""bold""),"
"0","        axis.title.x = element_text(size = 14, angle = 45, face = ""bold""),"
"0","        axis.text.x = element_text(size = 8, angle = 45, hjust = 1, vjust = 1),"
"0","        axis.text.y = element_text(size = 10))"
"0",""
"0","# Combined figure"
"0","Temperature_DEG_GO_28 <- (lfc28_plot / free(tile_28)) +"
"0","  plot_layout(heights = c(3, 2)) +"
"0","  plot_annotation(tag_levels = ""A"")"
"0","Temperature_DEG_GO_28"
