accession	message	sample_name	sample_title	bioproject_accession	organism	isolate	breed	host	isolation_source	collection_date	geo_loc_name	tissue	age	altitude	biomaterial_provider	collected_by	depth	dev_stage	env_broad_scale	host_tissue_sampled	identified_by	lat_lon	sex	specimen_voucher	temp	description	treatment	treatment	replicate
SAMN63664569	Successfully loaded	6_Pverr	6_20260927		Pocillopora verrucosa	Coral host	NA	NA	NA	2023-12-12	French Polynesia:Moorea	Whole organism				University of Rhode Island		Embryo	coral reef [ENVO:00000150]						28	100l concentrated embryos were preserved in 450l of DNA/RNA Shield and stored at 4C for 3 months. Samples were then transported to URI and stored at -80C until processing.	Ambient		1
SAMN63664570	Successfully loaded	7_Pverr	7_20260927		Pocillopora verrucosa	Coral host	NA	NA	NA	2023-12-12	French Polynesia:Moorea	Whole organism				University of Rhode Island		Embryo	coral reef [ENVO:00000150]						28	100l concentrated embryos were preserved in 450l of DNA/RNA Shield and stored at 4C for 3 months. Samples were then transported to URI and stored at -80C until processing.	Ambient		2
SAMN63664571	Successfully loaded	8_Pverr	8_20260927		Pocillopora verrucosa	Coral host	NA	NA	NA	2023-12-12	French Polynesia:Moorea	Whole organism				University of Rhode Island		Embryo	coral reef [ENVO:00000150]						28	100l concentrated embryos were preserved in 450l of DNA/RNA Shield and stored at 4C for 3 months. Samples were then transported to URI and stored at -80C until processing.	Ambient		3
SAMN63664572	Successfully loaded	9_Pverr	9_20260927		Pocillopora verrucosa	Coral host	NA	NA	NA	2023-12-12	French Polynesia:Moorea	Whole organism				University of Rhode Island		Embryo	coral reef [ENVO:00000150]						28	100l concentrated embryos were preserved in 450l of DNA/RNA Shield and stored at 4C for 3 months. Samples were then transported to URI and stored at -80C until processing.	Ambient		4
SAMN63664573	Successfully loaded	106_Pverr	106_20260927		Pocillopora verrucosa	Coral host	NA	NA	NA	2023-12-13	French Polynesia:Moorea	Whole organism				University of Rhode Island		Larvae	coral reef [ENVO:00000150]						28	200l concentrated larvae were preserved in 600l of DNA/RNA Shield and stored at 4C for 3 months. Samples were then transported to URI and stored at -80C until processing.	Ambient		1
SAMN63664574	Successfully loaded	107_Pverr	107_20260927		Pocillopora verrucosa	Coral host	NA	NA	NA	2023-12-13	French Polynesia:Moorea	Whole organism				University of Rhode Island		Larvae	coral reef [ENVO:00000150]						31	200l concentrated larvae were preserved in 600l of DNA/RNA Shield and stored at 4C for 3 months. Samples were then transported to URI and stored at -80C until processing.	High		1
SAMN63664575	Successfully loaded	108_Pverr	108_20260927		Pocillopora verrucosa	Coral host	NA	NA	NA	2023-12-13	French Polynesia:Moorea	Whole organism				University of Rhode Island		Larvae	coral reef [ENVO:00000150]						28	200l concentrated larvae were preserved in 600l of DNA/RNA Shield and stored at 4C for 3 months. Samples were then transported to URI and stored at -80C until processing.	Ambient		2
SAMN63664576	Successfully loaded	109_Pverr	109_20260927		Pocillopora verrucosa	Coral host	NA	NA	NA	2023-12-13	French Polynesia:Moorea	Whole organism				University of Rhode Island		Larvae	coral reef [ENVO:00000150]						31	200l concentrated larvae were preserved in 600l of DNA/RNA Shield and stored at 4C for 3 months. Samples were then transported to URI and stored at -80C until processing.	High		2
SAMN63664577	Successfully loaded	110_Pverr	110_20260927		Pocillopora verrucosa	Coral host	NA	NA	NA	2023-12-13	French Polynesia:Moorea	Whole organism				University of Rhode Island		Larvae	coral reef [ENVO:00000150]						28	200l concentrated larvae were preserved in 600l of DNA/RNA Shield and stored at 4C for 3 months. Samples were then transported to URI and stored at -80C until processing.	Ambient		3
SAMN63664578	Successfully loaded	111_Pverr	111_20260927		Pocillopora verrucosa	Coral host	NA	NA	NA	2023-12-13	French Polynesia:Moorea	Whole organism				University of Rhode Island		Larvae	coral reef [ENVO:00000150]						31	200l concentrated larvae were preserved in 600l of DNA/RNA Shield and stored at 4C for 3 months. Samples were then transported to URI and stored at -80C until processing.	High		3
SAMN63664579	Successfully loaded	112_Pverr	112_20260927		Pocillopora verrucosa	Coral host	NA	NA	NA	2023-12-13	French Polynesia:Moorea	Whole organism				University of Rhode Island		Larvae	coral reef [ENVO:00000150]						28	200l concentrated larvae were preserved in 600l of DNA/RNA Shield and stored at 4C for 3 months. Samples were then transported to URI and stored at -80C until processing.	Ambient		4
SAMN63664580	Successfully loaded	113_Pverr	113_20260927		Pocillopora verrucosa	Coral host	NA	NA	NA	2023-12-13	French Polynesia:Moorea	Whole organism				University of Rhode Island		Larvae	coral reef [ENVO:00000150]						31	200l concentrated larvae were preserved in 600l of DNA/RNA Shield and stored at 4C for 3 months. Samples were then transported to URI and stored at -80C until processing.	High		4
