sample_name	library_ID	title	library_strategy	library_source	library_selection	library_layout	platform	instrument_model	design_description	filetype	fasta_file	assembly	filename	filename2	filename3	filename4	filename5	filename6	filename7	filename8
6_Pverr	6_Pverr	TagSeq of Pocillopora verrucosa: 6 (embryo)	RNA-Seq	TRANSCRIPTOMIC	PolyA	paired	ILLUMINA	Illumina NovaSeq X	Libraries prepared with Zymo-Seq SwitchFree 3 mRNA Library Kit (R3008) and sequenced at Oklahoma Medical Research Foundation NSG Core.	fastq			6_S47_R1_001.fastq.gz	6_S47_R2_001.fastq.gz						
7_Pverr	7_Pverr	TagSeq of Pocillopora verrucosa: 7 (embryo)	RNA-Seq	TRANSCRIPTOMIC	PolyA	paired	ILLUMINA	Illumina NovaSeq X	Libraries prepared with Zymo-Seq SwitchFree 3 mRNA Library Kit (R3008) and sequenced at Oklahoma Medical Research Foundation NSG Core.	fastq			7_S48_R1_001.fastq.gz	7_S48_R2_001.fastq.gz						
8_Pverr	8_Pverr	TagSeq of Pocillopora verrucosa: 8 (embryo)	RNA-Seq	TRANSCRIPTOMIC	PolyA	paired	ILLUMINA	Illumina NovaSeq X	Libraries prepared with Zymo-Seq SwitchFree 3 mRNA Library Kit (R3008) and sequenced at Oklahoma Medical Research Foundation NSG Core.	fastq			8_S49_R1_001.fastq.gz	8_S49_R2_001.fastq.gz						
9_Pverr	9_Pverr	TagSeq of Pocillopora verrucosa: 9 (embryo)	RNA-Seq	TRANSCRIPTOMIC	PolyA	paired	ILLUMINA	Illumina NovaSeq X	Libraries prepared with Zymo-Seq SwitchFree 3 mRNA Library Kit (R3008) and sequenced at Oklahoma Medical Research Foundation NSG Core.	fastq			9_S50_R1_001.fastq.gz	9_S50_R2_001.fastq.gz						
106_Pverr	106_Pverr	TagSeq of Pocillopora verrucosa: 106 (larvae)	RNA-Seq	TRANSCRIPTOMIC	PolyA	paired	ILLUMINA	Illumina NovaSeq X	Libraries prepared with Zymo-Seq SwitchFree 3 mRNA Library Kit (R3008) and sequenced at Oklahoma Medical Research Foundation NSG Core.	fastq			106_S51_R1_001.fastq.gz	106_S51_R2_001.fastq.gz						
107_Pverr	107_Pverr	TagSeq of Pocillopora verrucosa: 107 (larvae)	RNA-Seq	TRANSCRIPTOMIC	PolyA	paired	ILLUMINA	Illumina NovaSeq X	Libraries prepared with Zymo-Seq SwitchFree 3 mRNA Library Kit (R3008) and sequenced at Oklahoma Medical Research Foundation NSG Core.	fastq			107_S52_R1_001.fastq.gz	107_S52_R2_001.fastq.gz						
108_Pverr	108_Pverr	TagSeq of Pocillopora verrucosa: 108 (larvae)	RNA-Seq	TRANSCRIPTOMIC	PolyA	paired	ILLUMINA	Illumina NovaSeq X	Libraries prepared with Zymo-Seq SwitchFree 3 mRNA Library Kit (R3008) and sequenced at Oklahoma Medical Research Foundation NSG Core.	fastq			108_S53_R1_001.fastq.gz	108_S53_R2_001.fastq.gz						
109_Pverr	109_Pverr	TagSeq of Pocillopora verrucosa: 109 (larvae)	RNA-Seq	TRANSCRIPTOMIC	PolyA	paired	ILLUMINA	Illumina NovaSeq X	Libraries prepared with Zymo-Seq SwitchFree 3 mRNA Library Kit (R3008) and sequenced at Oklahoma Medical Research Foundation NSG Core.	fastq			109_S54_R1_001.fastq.gz	109_S54_R2_001.fastq.gz						
110_Pverr	110_Pverr	TagSeq of Pocillopora verrucosa: 110 (larvae)	RNA-Seq	TRANSCRIPTOMIC	PolyA	paired	ILLUMINA	Illumina NovaSeq X	Libraries prepared with Zymo-Seq SwitchFree 3 mRNA Library Kit (R3008) and sequenced at Oklahoma Medical Research Foundation NSG Core.	fastq			110_S55_R1_001.fastq.gz	110_S55_R2_001.fastq.gz						
111_Pverr	111_Pverr	TagSeq of Pocillopora verrucosa: 111 (larvae)	RNA-Seq	TRANSCRIPTOMIC	PolyA	paired	ILLUMINA	Illumina NovaSeq X	Libraries prepared with Zymo-Seq SwitchFree 3 mRNA Library Kit (R3008) and sequenced at Oklahoma Medical Research Foundation NSG Core.	fastq			111_S56_R1_001.fastq.gz	111_S56_R2_001.fastq.gz						
112_Pverr	112_Pverr	TagSeq of Pocillopora verrucosa: 112 (larvae)	RNA-Seq	TRANSCRIPTOMIC	PolyA	paired	ILLUMINA	Illumina NovaSeq X	Libraries prepared with Zymo-Seq SwitchFree 3 mRNA Library Kit (R3008) and sequenced at Oklahoma Medical Research Foundation NSG Core.	fastq			112_S57_R1_001.fastq.gz	112_S57_R2_001.fastq.gz						
113_Pverr	113_Pverr	TagSeq of Pocillopora verrucosa: 113 (larvae)	RNA-Seq	TRANSCRIPTOMIC	PolyA	paired	ILLUMINA	Illumina NovaSeq X	Libraries prepared with Zymo-Seq SwitchFree 3 mRNA Library Kit (R3008) and sequenced at Oklahoma Medical Research Foundation NSG Core.	fastq			113_S58_R1_001.fastq.gz	113_S58_R2_001.fastq.gz						
