"","category","over_represented_pvalue","under_represented_pvalue","numDEInCat","numInCat","term","ontology"
"1","GO:0005634",2.85275159848072e-109,1,1281,3788,"nucleus","CC"
"2","GO:0005654",3.72932210885362e-92,1,705,1658,"nucleoplasm","CC"
"3","GO:0005829",6.69912389603404e-44,1,1006,3462,"cytosol","CC"
"4","GO:0005737",1.47364478639473e-43,1,1269,4701,"cytoplasm","CC"
"5","GO:0005739",7.0237171770598e-37,1,355,946,"mitochondrion","CC"
"6","GO:0016607",1.96530230457899e-33,1,136,230,"nuclear speck","CC"
"7","GO:0000398",2.16885422778579e-27,1,91,146,"mRNA splicing, via spliceosome","BP"
"8","GO:0005730",3.4054883985328e-27,1,219,520,"nucleolus","CC"
"9","GO:0005743",7.24541075891116e-27,1,119,246,"mitochondrial inner membrane","CC"
"10","GO:0003723",7.51250034715599e-25,1,326,1005,"RNA binding","MF"
"11","GO:0008380",4.44167941430625e-19,1,68,119,"RNA splicing","BP"
"12","GO:0006397",3.22414004712722e-17,1,76,149,"mRNA processing","BP"
"13","GO:0005874",6.49016837908979e-17,1,118,251,"microtubule","CC"
"14","GO:0042393",6.93001847084393e-17,1,56,87,"histone binding","MF"
"15","GO:0008017",3.56724357885214e-16,1,87,167,"microtubule binding","MF"
"16","GO:0003729",2.09344168354923e-15,1,60,112,"mRNA binding","MF"
"17","GO:0005814",4.74006428578458e-15,1,67,120,"centriole","CC"
"18","GO:0071013",7.73402273816536e-15,1,40,59,"catalytic step 2 spliceosome","CC"
"19","GO:0000278",2.84478562316776e-14,1,56,96,"mitotic cell cycle","BP"
"20","GO:0071005",5.37057846701368e-14,1,33,45,"U2-type precatalytic spliceosome","CC"
"21","GO:0005747",6.79515581270361e-14,1,21,25,"mitochondrial respiratory chain complex I","CC"
"22","GO:0036064",8.73688088965472e-14,1,65,123,"ciliary basal body","CC"
"23","GO:0005681",1.58108877211644e-13,1,46,79,"spliceosomal complex","CC"
"24","GO:0005930",3.24828111060949e-12,1,51,89,"axoneme","CC"
"25","GO:0005694",3.7532307360461e-12,1,62,125,"chromosome","CC"
"26","GO:0006325",6.59464204460428e-12,1,43,72,"chromatin organization","BP"
"27","GO:0006886",6.83691546037628e-12,1,89,211,"intracellular protein transport","BP"
"28","GO:0045892",8.41826540461415e-12,1,105,295,"negative regulation of DNA-templated transcription","BP"
"29","GO:0003682",1.02050544573781e-11,1,125,343,"chromatin binding","MF"
"30","GO:0031514",1.13595192394719e-11,1,50,97,"motile cilium","CC"
"31","GO:0000381",2.51343997558281e-11,1,26,35,"regulation of alternative mRNA splicing, via spliceosome","BP"
"32","GO:0005856",4.81019543278141e-11,1,115,323,"cytoskeleton","CC"
"33","GO:0015030",5.37934120445728e-11,1,19,21,"Cajal body","CC"
"34","GO:0048471",5.85987593773654e-11,1,178,546,"perinuclear region of cytoplasm","CC"
"35","GO:0005759",7.27856185770239e-11,1,80,199,"mitochondrial matrix","CC"
"36","GO:0000777",7.88876260822015e-11,1,32,51,NA,NA
"37","GO:0006974",1.10000998338116e-10,1,86,224,"cellular response to DNA damage stimulus","BP"
"38","GO:0005783",1.53882463474781e-10,1,233,776,"endoplasmic reticulum","CC"
"39","GO:0005819",1.64486043251143e-10,0.999999999967463,48,90,"spindle","CC"
"40","GO:0006457",2.06626870802125e-10,0.999999999955917,51,105,"protein folding","BP"
"41","GO:0006338",2.67404821951147e-10,0.999999999964117,32,50,"chromatin remodeling","BP"
"42","GO:0000776",2.90273548338145e-10,0.999999999961596,32,49,"kinetochore","CC"
"43","GO:0003779",1.58146511986322e-09,1,90,239,"actin binding","MF"
"44","GO:0051082",1.88462284266553e-09,0.999999999551366,40,88,"unfolded protein binding","MF"
"45","GO:0046034",4.85866302535893e-09,0.999999999771539,17,20,"ATP metabolic process","BP"
"46","GO:0003713",4.94443854098096e-09,0.999999998616401,47,98,"transcription coactivator activity","MF"
"47","GO:0030433",5.25433919783299e-09,0.99999999895578,34,58,"ubiquitin-dependent ERAD pathway","BP"
"48","GO:0016363",5.28547170746438e-09,0.999999998686685,42,79,"nuclear matrix","CC"
"49","GO:0003677",5.50797130675839e-09,1,273,1209,"DNA binding","MF"
"50","GO:0019901",6.65928888041484e-09,1,119,353,"protein kinase binding","MF"
"51","GO:0046982",7.7614057120458e-09,1,95,278,"protein heterodimerization activity","MF"
"52","GO:0016192",9.46429501411735e-09,0.999999996835956,56,131,"vesicle-mediated transport","BP"
"53","GO:0005686",9.76390431367796e-09,0.999999999688929,14,16,"U2 snRNP","CC"
"54","GO:0042073",1.03173393725343e-08,0.999999999028913,21,28,"intraciliary transport","BP"
"55","GO:0006511",1.09692383291938e-08,1,100,276,"ubiquitin-dependent protein catabolic process","BP"
"56","GO:0031145",1.32168401787141e-08,0.999999998575735,21,30,"anaphase-promoting complex-dependent catabolic process","BP"
"57","GO:0005762",2.07020203374233e-08,0.999999997218593,20,37,"mitochondrial large ribosomal subunit","CC"
"58","GO:0000307",2.31557948773259e-08,0.999999999628672,11,12,"cyclin-dependent protein kinase holoenzyme complex","CC"
"59","GO:0031625",2.52703745036462e-08,1,87,250,"ubiquitin protein ligase binding","MF"
"60","GO:0005689",2.83051461585139e-08,0.999999998047699,16,21,"U12-type spliceosomal complex","CC"
"61","GO:0005794",3.36610394678597e-08,1,221,751,"Golgi apparatus","CC"
"62","GO:0045292",4.18889506032563e-08,0.999999997011094,16,21,"mRNA cis splicing, via spliceosome","BP"
"63","GO:0006368",7.36339366056487e-08,0.999999993370471,18,24,"transcription elongation by RNA polymerase II promoter","BP"
"64","GO:0005789",7.45985810752052e-08,1,206,747,"endoplasmic reticulum membrane","CC"
"65","GO:0005682",8.94776701635517e-08,0.999999996974427,12,14,"U5 snRNP","CC"
"66","GO:0051087",9.91279354355209e-08,0.999999972823899,37,79,"chaperone binding","MF"
"67","GO:0016604",1.13848008347667e-07,0.999999957890152,56,136,"nuclear body","CC"
"68","GO:0045944",1.17319605015192e-07,1,173,612,"positive regulation of transcription by RNA polymerase II","BP"
"69","GO:1901990",1.33869205463494e-07,0.99999998500581,19,27,"regulation of mitotic cell cycle phase transition","BP"
"70","GO:0006468",1.55265684717836e-07,1,111,316,"protein phosphorylation","BP"
"71","GO:0032981",1.6761256536702e-07,0.999999982505261,16,25,"mitochondrial respiratory chain complex I assembly","BP"
"72","GO:0008137",1.70667771814389e-07,0.999999988626262,13,18,"NADH dehydrogenase (ubiquinone) activity","MF"
"73","GO:0005685",1.74624152645795e-07,0.999999991827408,12,15,"U1 snRNP","CC"
"74","GO:0090307",1.89298325276258e-07,0.999999980273519,18,25,"mitotic spindle assembly","BP"
"75","GO:1990904",2.32413939373605e-07,0.99999991916776,48,115,"ribonucleoprotein complex","CC"
"76","GO:0006406",2.35077948432156e-07,0.999999954877741,26,44,"mRNA export from nucleus","BP"
"77","GO:0005687",2.44595861754026e-07,1,8,8,"U4 snRNP","CC"
"78","GO:0046540",2.62194570953722e-07,0.999999972902917,16,24,"U4/U6 x U5 tri-snRNP complex","CC"
"79","GO:0010972",3.62277849579174e-07,0.999999975231785,14,18,"negative regulation of G2/M transition of mitotic cell cycle","BP"
"80","GO:0032391",3.65515582945333e-07,0.999999948088831,20,31,"photoreceptor connecting cilium","CC"
"81","GO:0006281",3.97556682130499e-07,1,95,316,"DNA repair","BP"
"82","GO:0006120",4.00416012091187e-07,1,7,7,"mitochondrial electron transport, NADH to ubiquinone","BP"
"83","GO:0060294",4.67980070648678e-07,0.999999981155324,12,14,"cilium movement involved in cell motility","BP"
"84","GO:0006366",4.89465508446142e-07,0.999999843662505,40,93,"transcription by RNA polymerase II","BP"
"85","GO:0004550",5.05182868103429e-07,0.999999971566396,13,16,"nucleoside diphosphate kinase activity","MF"
"86","GO:0007059",5.28240136896205e-07,0.999999860134921,32,66,"chromosome segregation","BP"
"87","GO:0005096",5.77509209379717e-07,0.999999771478425,58,136,"GTPase activator activity","MF"
"88","GO:0000086",6.7353098124963e-07,0.999999844606168,28,52,"G2/M transition of mitotic cell cycle","BP"
"89","GO:0031072",6.79729571952586e-07,0.999999876046729,22,39,"heat shock protein binding","MF"
"90","GO:0000123",9.30864816337349e-07,0.999999894087339,17,24,"histone acetyltransferase complex","CC"
"91","GO:0042470",1.21462874642646e-06,0.999999623341915,36,82,"melanosome","CC"
"92","GO:0006260",1.27363711960842e-06,0.999999450015048,59,179,"DNA replication","BP"
"93","GO:0050681",1.68183651987227e-06,0.999999874329188,13,17,"nuclear androgen receptor binding","MF"
"94","GO:0071004",1.70222150980557e-06,0.999999898508709,12,15,"U2-type prespliceosome","CC"
"95","GO:0072711",1.9265875566707e-06,1,8,8,"cellular response to hydroxyurea","BP"
"96","GO:0016605",2.04808285588993e-06,0.999999354048237,35,82,"PML body","CC"
"97","GO:0008360",2.07021367401023e-06,0.999999310938761,37,93,"regulation of cell shape","BP"
"98","GO:0007018",2.25275596103624e-06,0.999999273681075,39,79,"microtubule-based movement","BP"
"99","GO:0018105",2.27446376784395e-06,0.999999173327165,45,102,"peptidyl-serine phosphorylation","BP"
"100","GO:0050821",2.5162311189501e-06,0.999999064842274,45,109,"protein stabilization","BP"
"101","GO:0030532",2.57059493720302e-06,0.999999894002098,10,12,"small nuclear ribonucleoprotein complex","CC"
"102","GO:0061631",2.72910709360858e-06,0.999999554722486,18,31,"ubiquitin conjugating enzyme activity","MF"
"103","GO:0015630",2.93956931067295e-06,0.999999114927185,33,71,"microtubule cytoskeleton","CC"
"104","GO:0051233",3.17296458970838e-06,0.999999612128881,15,23,"spindle midzone","CC"
"105","GO:0006357",3.26345968897127e-06,0.999998548466907,83,276,"regulation of transcription by RNA polymerase II","BP"
"106","GO:0031648",3.39485617636335e-06,0.999999369468819,20,35,"protein destabilization","BP"
"107","GO:0000226",3.60706761311187e-06,0.999999008083082,29,60,"microtubule cytoskeleton organization","BP"
"108","GO:0006241",3.89517615780718e-06,1,8,8,"CTP biosynthetic process","BP"
"109","GO:0016579",3.94670718544037e-06,0.999998538106165,44,102,"protein deubiquitination","BP"
"110","GO:0003755",4.16493011795182e-06,0.99999912442942,21,41,"peptidyl-prolyl cis-trans isomerase activity","MF"
"111","GO:0000790",4.16991034526451e-06,0.999998245197051,68,213,NA,NA
"112","GO:0072546",4.81233599440385e-06,0.99999989464999,8,9,"EMC complex","CC"
"113","GO:0036464",5.58896652923566e-06,0.999998815051252,21,40,"cytoplasmic ribonucleoprotein granule","CC"
"114","GO:0017053",7.01654781621992e-06,0.99999887088827,17,28,"transcription repressor complex","CC"
"115","GO:0071339",7.46735031429305e-06,0.999999163731283,14,20,"MLL1 complex","CC"
"116","GO:0032869",7.5404484167626e-06,0.999997710896611,31,66,"cellular response to insulin stimulus","BP"
"117","GO:0007049",8.17399792410624e-06,0.999995305319339,125,459,"cell cycle","BP"
"118","GO:0000413",8.71195125935821e-06,0.999999062763128,13,19,"protein peptidyl-prolyl isomerization","BP"
"119","GO:0005763",9.03312457556364e-06,0.999999100805249,11,18,"mitochondrial small ribosomal subunit","CC"
"120","GO:0031298",9.85815359011847e-06,1,8,8,"replication fork protection complex","CC"
"121","GO:0032543",1.09514084327854e-05,0.999998950483915,11,17,"mitochondrial translation","BP"
"122","GO:0034719",1.10829470608148e-05,0.999999559089921,8,10,"SMN-Sm protein complex","CC"
"123","GO:0032922",1.13336741606609e-05,0.999996980927836,25,52,"circadian regulation of gene expression","BP"
"124","GO:0008134",1.13414366307629e-05,0.999994751570511,66,200,"transcription factor binding","MF"
"125","GO:0005753",1.19498798890672e-05,0.999999742036253,7,8,"mitochondrial proton-transporting ATP synthase complex","CC"
"126","GO:0051321",1.34245549044548e-05,0.999996283494387,26,54,"meiotic cell cycle","BP"
"127","GO:0005547",1.34837718763083e-05,0.999997620408242,18,29,"phosphatidylinositol-3,4,5-trisphosphate binding","MF"
"128","GO:0051015",1.40005043826496e-05,0.999993645462981,56,152,"actin filament binding","MF"
"129","GO:0000122",1.44273113761132e-05,0.999991368580535,130,454,"negative regulation of transcription by RNA polymerase II","BP"
"130","GO:0043981",1.48892605100909e-05,0.999998939581795,11,14,"histone H4-K5 acetylation","BP"
"131","GO:0043982",1.48892605100909e-05,0.999998939581795,11,14,"histone H4-K8 acetylation","BP"
"132","GO:0032040",1.50603773038326e-05,0.999997150711933,19,31,"small-subunit processome","CC"
"133","GO:0007288",1.68490845726791e-05,0.999999043547741,11,13,"sperm axoneme assembly","BP"
"134","GO:0006228",1.71308431715831e-05,1,7,7,"UTP biosynthetic process","BP"
"135","GO:0007080",1.9034305315107e-05,0.999997773945316,13,19,"mitotic metaphase plate congression","BP"
"136","GO:0000502",2.00927860188118e-05,0.999995563327196,20,37,"proteasome complex","CC"
"137","GO:0048025",2.21084793127943e-05,0.999997868051187,11,16,"negative regulation of mRNA splicing, via spliceosome","BP"
"138","GO:0043130",2.23521000666724e-05,0.999993156969877,28,61,"ubiquitin binding","MF"
"139","GO:0043984",2.27934959409847e-05,0.999998752516464,10,12,"histone H4-K16 acetylation","BP"
"140","GO:0006259",2.35486389434525e-05,0.999998819474429,9,11,"DNA metabolic process","BP"
"141","GO:0051787",2.40130543085831e-05,0.999998792824297,9,11,"misfolded protein binding","MF"
"142","GO:0003924",2.40715003561211e-05,0.999986609134106,92,312,"GTPase activity","MF"
"143","GO:0007283",2.48614797043066e-05,0.999986807329317,81,243,"spermatogenesis","BP"
"144","GO:0031297",2.60918679603158e-05,0.999996113484996,14,23,"replication fork processing","BP"
"145","GO:0090263",2.68263764511083e-05,0.999991132036572,31,68,"positive regulation of canonical Wnt signaling pathway","BP"
"146","GO:0000781",2.68777107997091e-05,0.999991723357979,27,62,"chromosome, telomeric region","CC"
"147","GO:0019888",2.73759661678289e-05,0.999995902126583,14,23,"protein phosphatase regulator activity","MF"
"148","GO:0071007",2.84382217396161e-05,0.999994871400091,16,28,"U2-type catalytic step 2 spliceosome","CC"
"149","GO:0010498",2.91604932763349e-05,0.999995449245506,14,24,"proteasomal protein catabolic process","BP"
"150","GO:0030176",2.91707449891461e-05,0.999990312564073,30,70,"integral component of endoplasmic reticulum membrane","CC"
"151","GO:0016538",3.05110758593577e-05,0.999998583113971,8,10,"cyclin-dependent protein serine/threonine kinase regulator activity","MF"
"152","GO:0006183",3.25506988517435e-05,0.999999042727316,8,9,"GTP biosynthetic process","BP"
"153","GO:0000785",3.57015691874281e-05,0.999986335023547,36,94,"chromatin","CC"
"154","GO:0051056",3.58343815405004e-05,0.99999311146242,18,29,"regulation of small GTPase mediated signal transduction","BP"
"155","GO:0030027",3.76126025908939e-05,0.999983135451204,50,131,"lamellipodium","CC"
"156","GO:0015986",4.10761601991377e-05,0.99999683519981,8,13,"proton motive force-driven ATP synthesis","BP"
"157","GO:0043209",4.17334313332182e-05,0.999988673125167,22,48,"myelin sheath","CC"
"158","GO:0003743",4.20131239981387e-05,0.999987354951731,26,55,"translation initiation factor activity","MF"
"159","GO:0003735",4.27449610198521e-05,0.99998152040148,41,144,"structural constituent of ribosome","MF"
"160","GO:0000276",4.34619384979393e-05,1,5,5,"mitochondrial proton-transporting ATP synthase complex, coupling factor F(o)","CC"
"161","GO:0005680",4.56118899323655e-05,0.999995193288732,11,16,"anaphase-promoting complex","CC"
"162","GO:0000784",4.6610278637638e-05,0.999985523749717,26,59,NA,NA
"163","GO:0031124",4.83460208548157e-05,0.999992636577987,14,22,"mRNA 3'-end processing","BP"
"164","GO:0000287",4.95278906685124e-05,0.999972399773082,81,293,"magnesium ion binding","MF"
"165","GO:0005546",5.00644612010106e-05,0.999987149317312,21,42,"phosphatidylinositol-4,5-bisphosphate binding","MF"
"166","GO:0030970",5.1391931314228e-05,0.999995039579067,11,15,"retrograde protein transport, ER to cytosol","BP"
"167","GO:0016050",5.32137699112064e-05,1,7,7,"vesicle organization","BP"
"168","GO:0032465",5.32389231912319e-05,0.999990081193693,16,27,"regulation of cytokinesis","BP"
"169","GO:0005750",5.33176067659534e-05,1,5,5,"mitochondrial respiratory chain complex III","CC"
"170","GO:0043488",5.41735955507651e-05,0.999987760612968,18,35,"regulation of mRNA stability","BP"
"171","GO:0042826",5.48582640020191e-05,0.999982209319195,27,63,"histone deacetylase binding","MF"
"172","GO:0000724",5.50087224710276e-05,0.99997935011608,33,87,"double-strand break repair via homologous recombination","BP"
"173","GO:0042776",5.54729048195236e-05,1,6,6,"proton motive force-driven mitochondrial ATP synthesis","BP"
"174","GO:0001835",5.76324384580145e-05,0.999998142018336,8,9,"blastocyst hatching","BP"
"175","GO:0003351",6.022121806928e-05,0.99999406929424,11,15,"epithelial cilium movement involved in extracellular fluid movement","BP"
"176","GO:0032968",6.32708363804298e-05,0.999993729635707,11,15,"positive regulation of transcription elongation by RNA polymerase II","BP"
"177","GO:0000244",6.37858331065989e-05,0.99999790938463,8,9,"spliceosomal tri-snRNP complex assembly","BP"
"178","GO:0031647",6.39035263229617e-05,0.999976852820153,31,78,"regulation of protein stability","BP"
"179","GO:0048268",6.5927705232655e-05,0.999997827498067,8,9,"clathrin coat assembly","BP"
"180","GO:0043066",7.0552096615566e-05,0.999960093133424,83,289,"negative regulation of apoptotic process","BP"
"181","GO:0043231",7.49368912194863e-05,0.999951144242569,141,497,"intracellular membrane-bounded organelle","CC"
"182","GO:0004129",7.59651749546964e-05,0.999994149439815,8,12,"cytochrome-c oxidase activity","MF"
"183","GO:0030992",7.94135675170058e-05,0.999986714297575,14,23,"intraciliary transport particle B","CC"
"184","GO:0061575",8.01171432766803e-05,0.999997975506901,6,7,"cyclin-dependent protein serine/threonine kinase activator activity","MF"
"185","GO:0005667",8.39462281483674e-05,0.999968412268292,32,82,"transcription regulator complex","CC"
"186","GO:0009060",8.40849896677561e-05,0.999988097803638,11,20,"aerobic respiration","BP"
"187","GO:0070979",8.82397511209367e-05,0.999987683024744,12,19,"protein K11-linked ubiquitination","BP"
"188","GO:0044297",9.14705032881837e-05,0.999977524814278,18,38,"cell body","CC"
"189","GO:0044183",9.2398632732878e-05,0.999992663405924,8,12,"protein folding chaperone","MF"
"190","GO:0017137",9.33110376976993e-05,0.999963905278713,35,81,NA,NA
"191","GO:0006364",9.41905831495189e-05,0.999959472385735,40,112,"rRNA processing","BP"
"192","GO:0006284",9.6521959284806e-05,0.999978556767281,16,33,"base-excision repair","BP"
"193","GO:0034450",0.000100096777480833,0.999993794019606,9,11,"ubiquitin-ubiquitin ligase activity","MF"
"194","GO:0051085",0.00010034534633596,0.999985483885743,11,20,"chaperone cofactor-dependent protein refolding","BP"
"195","GO:0005085",0.000101476734318565,0.999961512879334,33,78,"guanyl-nucleotide exchange factor activity","MF"
"196","GO:0043966",0.000106283470463615,0.99997906865703,15,27,"histone H3 acetylation","BP"
"197","GO:0001578",0.000107259805920427,0.999987408622011,11,16,"microtubule bundle formation","BP"
"198","GO:0006446",0.00010752358403643,0.99998463378411,12,19,"regulation of translational initiation","BP"
"199","GO:0051382",0.000108754451392113,0.999988107771793,10,15,"kinetochore assembly","BP"
"200","GO:1901796",0.000110470993505311,0.999973048437331,18,36,"regulation of signal transduction by p53 class mediator","BP"
"201","GO:0005732",0.000114442494254001,0.999993445838153,8,10,"sno(s)RNA-containing ribonucleoprotein complex","CC"
"202","GO:0005746",0.000114720859812806,1,5,5,"mitochondrial respirasome","CC"
"203","GO:0006337",0.000119747773257574,0.999993091282936,8,10,"nucleosome disassembly","BP"
"204","GO:0035082",0.000123191613020566,0.999976987251144,14,25,"axoneme assembly","BP"
"205","GO:0008283",0.000123458147897324,0.999944829856159,42,119,"cell population proliferation","BP"
"206","GO:0016567",0.000123668145837762,0.99992094088633,118,451,"protein ubiquitination","BP"
"207","GO:0010499",0.000126059099726496,0.999985935992992,10,15,"proteasomal ubiquitin-independent protein catabolic process","BP"
"208","GO:0045454",0.000127402795578273,0.999953089286411,29,76,"cell redox homeostasis","BP"
"209","GO:0003688",0.000128703834192932,0.999983583874875,12,17,"DNA replication origin binding","MF"
