"","category","over_represented_pvalue","under_represented_pvalue","numDEInCat","numInCat","term","ontology","padj","stage","gene_ratio"
"1","GO:0005634",7.84501758605965e-46,1,403,3788,"nucleus","CC",1.21072156405659e-41,"Embryo_28",0.106388595564942
"2","GO:0005654",2.05383628078859e-31,1,217,1658,"nucleoplasm","CC",1.58484276607052e-27,"Embryo_28",0.130880579010856
"3","GO:0008017",5.95485799660799e-13,1,39,167,"microtubule binding","MF",3.0633774487217e-09,"Embryo_28",0.233532934131737
"4","GO:0003682",1.92750948659972e-12,1,55,343,"chromatin binding","MF",7.43681347667337e-09,"Embryo_28",0.160349854227405
"5","GO:0016607",3.58279571226156e-11,1,43,230,"nuclear speck","CC",1.10586572454665e-07,"Embryo_28",0.18695652173913
"6","GO:0005737",9.16266809205803e-11,1,340,4701,"cytoplasm","CC",2.35679094441219e-07,"Embryo_28",0.0723250372261221
"7","GO:0042393",2.67127914619199e-10,0.999999999962676,24,87,"histone binding","MF",5.88940729474013e-07,"Embryo_28",0.275862068965517
"8","GO:0000278",2.64178959001127e-09,0.999999999524468,24,96,"mitotic cell cycle","BP",5.09634234283049e-06,"Embryo_28",0.25
"9","GO:0003677",4.80440654675393e-09,1,98,1209,"DNA binding","MF",8.23848958178371e-06,"Embryo_28",0.0810587262200165
"10","GO:0007049",4.63835608663631e-08,1,52,459,"cell cycle","BP",7.15837494850582e-05,"Embryo_28",0.113289760348584
"11","GO:0005730",1.03329091768935e-07,1,61,520,"nucleolus","CC",0.000132889822772498,"Embryo_28",0.117307692307692
"12","GO:0000776",1.68287417135493e-07,0.999999976707458,15,49,"kinetochore","CC",0.000199783054511697,"Embryo_28",0.306122448979592
"13","GO:0006260",2.10371220794855e-07,0.999999942702391,27,179,"DNA replication","BP",0.000231904217894786,"Embryo_28",0.150837988826816
"14","GO:0000307",2.46895429445275e-07,0.999999992791642,7,12,"cyclin-dependent protein kinase holoenzyme complex","CC",0.000254022477508595,"Embryo_28",0.583333333333333
"15","GO:0005694",2.72238011819108e-07,0.999999932866139,24,125,"chromosome","CC",0.000262590577275268,"Embryo_28",0.192
"16","GO:0005819",4.15745988685365e-07,0.999999911745676,20,90,"spindle","CC",0.000377423990787131,"Embryo_28",0.222222222222222
"17","GO:0003688",5.7992341067729e-07,0.999999965674013,9,17,"DNA replication origin binding","MF",0.000497219888721256,"Embryo_28",0.529411764705882
"18","GO:0000792",9.58787025596637e-07,0.99999994916854,8,16,"heterochromatin","CC",0.000753326053948945,"Embryo_28",0.5
"19","GO:0051301",9.76253552710355e-07,0.999999667369793,73,858,"cell division","BP",0.000753326053948945,"Embryo_28",0.0850815850815851
"20","GO:0006468",1.02988616041806e-06,0.999999605733431,43,316,"protein phosphorylation","BP",0.000756868243511044,"Embryo_28",0.136075949367089
"21","GO:0044772",1.17785527607705e-06,0.999999969943839,6,10,"mitotic cell cycle phase transition","BP",0.000822485652927825,"Embryo_28",0.6
"22","GO:0005814",1.22576103267932e-06,0.999999680411542,23,120,"centriole","CC",0.000822485652927825,"Embryo_28",0.191666666666667
"23","GO:0017116",1.7025451625908e-06,0.999999888516349,8,21,"single-stranded DNA helicase activity","MF",0.00107651810166769,"Embryo_28",0.380952380952381
"24","GO:0051233",1.74385748342463e-06,0.999999861364004,9,23,"spindle midzone","CC",0.00107651810166769,"Embryo_28",0.391304347826087
"25","GO:0006974",1.95924325133677e-06,0.999999338720559,31,224,"cellular response to DNA damage stimulus","BP",0.0011629615806877,"Embryo_28",0.138392857142857
"26","GO:0016538",2.46093176858551e-06,0.999999928405886,6,10,"cyclin-dependent protein serine/threonine kinase regulator activity","MF",0.00140665036979927,"Embryo_28",0.6
"27","GO:0005874",3.65755546627288e-06,0.999998616515631,36,251,"microtubule","CC",0.00201596619682105,"Embryo_28",0.143426294820717
"28","GO:0090309",6.93371694964317e-06,0.999999756956652,6,10,"positive regulation of DNA methylation-dependent heterochromatin formation","BP",0.00368993288564976,"Embryo_28",0.6
"29","GO:0048188",8.48877396410079e-06,0.999999691315618,6,10,"Set1C/COMPASS complex","CC",0.00436690828626558,"Embryo_28",0.6
"30","GO:0032133",9.51577458104455e-06,1,4,4,"chromosome passenger complex","CC",0.00457682520716634,"Embryo_28",1
"31","GO:0005813",9.81096698718114e-06,0.999995071294875,64,744,"centrosome","CC",0.00457682520716634,"Embryo_28",0.0860215053763441
"32","GO:0090307",1.0276657661071e-05,0.999998945287331,9,25,"mitotic spindle assembly","BP",0.00457682520716634,"Embryo_28",0.36
"33","GO:0015631",1.02881268146716e-05,0.999998534588455,11,39,"tubulin binding","MF",0.00457682520716634,"Embryo_28",0.282051282051282
"34","GO:0051321",1.03796333992627e-05,0.99999816021231,13,54,"meiotic cell cycle","BP",0.00457682520716634,"Embryo_28",0.240740740740741
"35","GO:0000785",1.11969826160087e-05,0.999997327093616,17,94,"chromatin","CC",0.00467035223548277,"Embryo_28",0.180851063829787
"36","GO:0033678",1.22652854444832e-05,0.99999962807124,5,10,"5'-3' DNA/RNA helicase activity","MF",0.00498131974380815,"Embryo_28",0.5
"37","GO:0043966",1.32989723192446e-05,0.999998556112309,9,27,"histone H3 acetylation","BP",0.00526264204622824,"Embryo_28",0.333333333333333
"38","GO:0006281",1.52849622767665e-05,0.999993805914081,35,316,"DNA repair","BP",0.00589732057043342,"Embryo_28",0.110759493670886
"39","GO:0007059",1.67959635305394e-05,0.999996581112046,14,66,"chromosome segregation","BP",0.0063222464674833,"Embryo_28",0.212121212121212
"40","GO:0005815",1.86733180665284e-05,0.999994242609212,22,158,"microtubule organizing center","CC",0.00686155518382698,"Embryo_28",0.139240506329114
"41","GO:0015030",2.05916520717872e-05,0.999998083263561,8,21,"Cajal body","CC",0.0073904875912533,"Embryo_28",0.380952380952381
"42","GO:0000775",2.12296716925382e-05,0.999995280461951,15,72,"chromosome, centromeric region","CC",0.00741481802900335,"Embryo_28",0.208333333333333
"43","GO:0072686",2.16203467443239e-05,0.999994447096382,17,121,"mitotic spindle","CC",0.00741481802900335,"Embryo_28",0.140495867768595
"44","GO:0003723",2.3042457809376e-05,0.999986845471136,83,1005,"RNA binding","MF",0.00758551119600527,"Embryo_28",0.0825870646766169
"45","GO:0006397",2.310108379526e-05,0.999992800418885,22,149,"mRNA processing","BP",0.00758551119600527,"Embryo_28",0.147651006711409
"46","GO:0006325",2.37179153353788e-05,0.999994674838094,15,72,"chromatin organization","BP",0.00762580390356043,"Embryo_28",0.208333333333333
"47","GO:0045892",2.86247948401822e-05,0.999988373669459,33,295,"negative regulation of DNA-templated transcription","BP",0.00901564201568432,"Embryo_28",0.111864406779661
"48","GO:0005643",2.98353794747615e-05,0.999994115168319,13,55,"nuclear pore","CC",0.0092089882286799,"Embryo_28",0.236363636363636
"49","GO:0006338",3.0947976120799e-05,0.99999436401839,12,50,"chromatin remodeling","BP",0.00936510030337827,"Embryo_28",0.24
"50","GO:0006357",3.22754703953392e-05,0.999987224422122,31,276,"regulation of transcription by RNA polymerase II","BP",0.00957898720406288,"Embryo_28",0.11231884057971
