Date.Sampled,Cohort.Spawn.Date,Tube.ID,Tube.Contents,Fixative,Assay,Time.Sampled,Temperature.Setting,Falcon.Tube.ID
20231212,20231212,6,100µl concentrated embryos,450µl RNA/DNA Shield,molecular,8:35,28,NA
20231212,20231212,7,100µl concentrated embryos,450µl RNA/DNA Shield,molecular,8:35,28,NA
20231212,20231212,8,100µl concentrated embryos,450µl RNA/DNA Shield,molecular,8:35,28,NA
20231212,20231212,9,100µl concentrated embryos,450µl RNA/DNA Shield,molecular,8:35,28,NA
20231212,20231212,10,100µl concentrated embryos,450µl RNA/DNA Shield,molecular,8:35,28,NA
20231212,20231212,1,50µl concentrated embryos,4% formalin,size,8:35,28,NA
20231212,20231212,2,50µl concentrated embryos,4% formalin,size,8:35,28,NA
20231212,20231212,3,50µl concentrated embryos,4% formalin,size,8:35,28,NA
20231212,20231212,4,50µl concentrated embryos,4% formalin,size,8:35,28,NA
20231212,20231212,5,50µl concentrated embryos,4% formalin,size,8:35,28,NA
20231212,20231212,16,500µl of homogeneous embryo suspension from falcon tube,1ml of 4% formalin,size/stage/abnormalities,10:35,28,4
20231212,20231212,17,500µl of homogeneous embryo suspension from falcon tube,1ml of 4% formalin,size/stage/abnormalities,10:35,28,5
20231212,20231212,18,500µl of homogeneous embryo suspension from falcon tube,1ml of 4% formalin,size/stage/abnormalities,10:35,28,8
20231212,20231212,19,500µl of homogeneous embryo suspension from falcon tube,1ml of 4% formalin,size/stage/abnormalities,10:35,28,9
20231212,20231212,20,500µl of homogeneous embryo suspension from falcon tube,1ml of 4% formalin,size/stage/abnormalities,10:35,28,10
20231212,20231212,31,500µl of homogeneous embryo suspension from falcon tube,1ml of 4% formalin,size/stage/abnormalities,11:35,28,4
20231212,20231212,32,500µl of homogeneous embryo suspension from falcon tube,1ml of 4% formalin,size/stage/abnormalities,11:35,28,5
20231212,20231212,33,500µl of homogeneous embryo suspension from falcon tube,1ml of 4% formalin,size/stage/abnormalities,11:35,28,8
20231212,20231212,34,500µl of homogeneous embryo suspension from falcon tube,1ml of 4% formalin,size/stage/abnormalities,11:35,28,9
20231212,20231212,35,500µl of homogeneous embryo suspension from falcon tube,1ml of 4% formalin,size/stage/abnormalities,11:35,28,10
20231212,20231212,36,500µl of homogeneous embryo suspension from falcon tube,1ml of 4% formalin,size/stage/abnormalities,12:35,28,4
20231212,20231212,37,500µl of homogeneous embryo suspension from falcon tube,1ml of 4% formalin,size/stage/abnormalities,12:35,28,5
20231212,20231212,38,500µl of homogeneous embryo suspension from falcon tube,1ml of 4% formalin,size/stage/abnormalities,12:35,28,8
20231212,20231212,39,500µl of homogeneous embryo suspension from falcon tube,1ml of 4% formalin,size/stage/abnormalities,12:35,28,9
20231212,20231212,40,500µl of homogeneous embryo suspension from falcon tube,1ml of 4% formalin,size/stage/abnormalities,12:35,28,10
20231212,20231212,51,500µl of homogeneous embryo suspension from falcon tube,1ml of 4% formalin,size/stage/abnormalities,13:35,28,4
20231212,20231212,52,500µl of homogeneous embryo suspension from falcon tube,1ml of 4% formalin,size/stage/abnormalities,13:35,28,5
20231212,20231212,53,500µl of homogeneous embryo suspension from falcon tube,1ml of 4% formalin,size/stage/abnormalities,13:35,28,8
20231212,20231212,54,500µl of homogeneous embryo suspension from falcon tube,1ml of 4% formalin,size/stage/abnormalities,13:35,28,9
20231212,20231212,55,500µl of homogeneous embryo suspension from falcon tube,1ml of 4% formalin,size/stage/abnormalities,13:35,28,10
20231212,20231212,56,500µl of homogeneous embryo suspension from falcon tube,1ml of 4% formalin,size/stage/abnormalities,14:35,28,4
20231212,20231212,57,500µl of homogeneous embryo suspension from falcon tube,1ml of 4% formalin,size/stage/abnormalities,14:35,28,5
20231212,20231212,58,500µl of homogeneous embryo suspension from falcon tube,1ml of 4% formalin,size/stage/abnormalities,14:35,28,8
20231212,20231212,59,500µl of homogeneous embryo suspension from falcon tube,1ml of 4% formalin,size/stage/abnormalities,14:35,28,9
20231212,20231212,60,500µl of homogeneous embryo suspension from falcon tube,1ml of 4% formalin,size/stage/abnormalities,14:35,28,10
20231212,20231212,71,500µl of homogeneous embryo suspension from falcon tube,1ml of 4% formalin,size/stage/abnormalities,15:35,28,4
20231212,20231212,72,500µl of homogeneous embryo suspension from falcon tube,1ml of 4% formalin,size/stage/abnormalities,15:35,28,5
20231212,20231212,73,500µl of homogeneous embryo suspension from falcon tube,1ml of 4% formalin,size/stage/abnormalities,15:35,28,8
20231212,20231212,74,500µl of homogeneous embryo suspension from falcon tube,1ml of 4% formalin,size/stage/abnormalities,15:35,28,9
20231212,20231212,75,500µl of homogeneous embryo suspension from falcon tube,1ml of 4% formalin,size/stage/abnormalities,15:35,28,10
20231212,20231212,76,500µl of homogeneous embryo suspension from falcon tube,1ml of 4% formalin,size/stage/abnormalities,16:35,28,4
20231212,20231212,77,500µl of homogeneous embryo suspension from falcon tube,1ml of 4% formalin,size/stage/abnormalities,16:35,28,5
20231212,20231212,78,500µl of homogeneous embryo suspension from falcon tube,1ml of 4% formalin,size/stage/abnormalities,16:35,28,8
20231212,20231212,79,500µl of homogeneous embryo suspension from falcon tube,1ml of 4% formalin,size/stage/abnormalities,16:35,28,9
20231212,20231212,80,500µl of homogeneous embryo suspension from falcon tube,1ml of 4% formalin,size/stage/abnormalities,16:35,28,10
20231212,20231212,91,500µl of homogeneous embryo suspension from falcon tube,1ml of 4% formalin,size/stage/abnormalities,17:35,28,4
20231212,20231212,92,500µl of homogeneous embryo suspension from falcon tube,1ml of 4% formalin,size/stage/abnormalities,17:35,28,5
20231212,20231212,93,500µl of homogeneous embryo suspension from falcon tube,1ml of 4% formalin,size/stage/abnormalities,17:35,28,8
20231212,20231212,94,500µl of homogeneous embryo suspension from falcon tube,1ml of 4% formalin,size/stage/abnormalities,17:35,28,9
20231212,20231212,95,500µl of homogeneous embryo suspension from falcon tube,1ml of 4% formalin,size/stage/abnormalities,17:35,28,10
20231212,20231212,21,500µl of homogeneous embryo suspension from falcon tube,1ml of 4% formalin,size/stage/abnormalities,10:35,31,1
20231212,20231212,22,500µl of homogeneous embryo suspension from falcon tube,1ml of 4% formalin,size/stage/abnormalities,10:35,31,2
20231212,20231212,23,500µl of homogeneous embryo suspension from falcon tube,1ml of 4% formalin,size/stage/abnormalities,10:35,31,3
20231212,20231212,24,500µl of homogeneous embryo suspension from falcon tube,1ml of 4% formalin,size/stage/abnormalities,10:35,31,6
20231212,20231212,25,500µl of homogeneous embryo suspension from falcon tube,1ml of 4% formalin,size/stage/abnormalities,10:35,31,7
20231212,20231212,26,500µl of homogeneous embryo suspension from falcon tube,1ml of 4% formalin,size/stage/abnormalities,11:35,31,1
20231212,20231212,27,500µl of homogeneous embryo suspension from falcon tube,1ml of 4% formalin,size/stage/abnormalities,11:35,31,2
20231212,20231212,28,500µl of homogeneous embryo suspension from falcon tube,1ml of 4% formalin,size/stage/abnormalities,11:35,31,3
20231212,20231212,29,500µl of homogeneous embryo suspension from falcon tube,1ml of 4% formalin,size/stage/abnormalities,11:35,31,6
20231212,20231212,30,500µl of homogeneous embryo suspension from falcon tube,1ml of 4% formalin,size/stage/abnormalities,11:35,31,7
20231212,20231212,41,500µl of homogeneous embryo suspension from falcon tube,1ml of 4% formalin,size/stage/abnormalities,12:35,31,1
20231212,20231212,42,500µl of homogeneous embryo suspension from falcon tube,1ml of 4% formalin,size/stage/abnormalities,12:35,31,2
20231212,20231212,43,500µl of homogeneous embryo suspension from falcon tube,1ml of 4% formalin,size/stage/abnormalities,12:35,31,3
20231212,20231212,44,500µl of homogeneous embryo suspension from falcon tube,1ml of 4% formalin,size/stage/abnormalities,12:35,31,6
20231212,20231212,45,500µl of homogeneous embryo suspension from falcon tube,1ml of 4% formalin,size/stage/abnormalities,12:35,31,7
20231212,20231212,46,500µl of homogeneous embryo suspension from falcon tube,1ml of 4% formalin,size/stage/abnormalities,13:35,31,1
20231212,20231212,47,500µl of homogeneous embryo suspension from falcon tube,1ml of 4% formalin,size/stage/abnormalities,13:35,31,2
20231212,20231212,48,500µl of homogeneous embryo suspension from falcon tube,1ml of 4% formalin,size/stage/abnormalities,13:35,31,3
20231212,20231212,49,500µl of homogeneous embryo suspension from falcon tube,1ml of 4% formalin,size/stage/abnormalities,13:35,31,6
20231212,20231212,50,500µl of homogeneous embryo suspension from falcon tube,1ml of 4% formalin,size/stage/abnormalities,13:35,31,7
20231212,20231212,61,500µl of homogeneous embryo suspension from falcon tube,1ml of 4% formalin,size/stage/abnormalities,14:35,31,1
20231212,20231212,62,500µl of homogeneous embryo suspension from falcon tube,1ml of 4% formalin,size/stage/abnormalities,14:35,31,2
20231212,20231212,63,500µl of homogeneous embryo suspension from falcon tube,1ml of 4% formalin,size/stage/abnormalities,14:35,31,3
20231212,20231212,64,500µl of homogeneous embryo suspension from falcon tube,1ml of 4% formalin,size/stage/abnormalities,14:35,31,6
20231212,20231212,65,500µl of homogeneous embryo suspension from falcon tube,1ml of 4% formalin,size/stage/abnormalities,14:35,31,7
20231212,20231212,66,500µl of homogeneous embryo suspension from falcon tube,1ml of 4% formalin,size/stage/abnormalities,15:35,31,1
20231212,20231212,67,500µl of homogeneous embryo suspension from falcon tube,1ml of 4% formalin,size/stage/abnormalities,15:35,31,2
20231212,20231212,68,500µl of homogeneous embryo suspension from falcon tube,1ml of 4% formalin,size/stage/abnormalities,15:35,31,3
20231212,20231212,69,500µl of homogeneous embryo suspension from falcon tube,1ml of 4% formalin,size/stage/abnormalities,15:35,31,6
20231212,20231212,70,500µl of homogeneous embryo suspension from falcon tube,1ml of 4% formalin,size/stage/abnormalities,15:35,31,7
20231212,20231212,81,500µl of homogeneous embryo suspension from falcon tube,1ml of 4% formalin,size/stage/abnormalities,16:35,31,1
20231212,20231212,82,500µl of homogeneous embryo suspension from falcon tube,1ml of 4% formalin,size/stage/abnormalities,16:35,31,2
20231212,20231212,83,500µl of homogeneous embryo suspension from falcon tube,1ml of 4% formalin,size/stage/abnormalities,16:35,31,3
20231212,20231212,84,500µl of homogeneous embryo suspension from falcon tube,1ml of 4% formalin,size/stage/abnormalities,16:35,31,6
20231212,20231212,85,500µl of homogeneous embryo suspension from falcon tube,1ml of 4% formalin,size/stage/abnormalities,16:35,31,7
20231212,20231212,86,500µl of homogeneous embryo suspension from falcon tube,1ml of 4% formalin,size/stage/abnormalities,17:35,31,1
20231212,20231212,87,500µl of homogeneous embryo suspension from falcon tube,1ml of 4% formalin,size/stage/abnormalities,17:35,31,2
20231212,20231212,88,500µl of homogeneous embryo suspension from falcon tube,1ml of 4% formalin,size/stage/abnormalities,17:35,31,3
20231212,20231212,89,500µl of homogeneous embryo suspension from falcon tube,1ml of 4% formalin,size/stage/abnormalities,17:35,31,6
20231212,20231212,90,500µl of homogeneous embryo suspension from falcon tube,1ml of 4% formalin,size/stage/abnormalities,17:35,31,7
20231213,20231212,106,200µl concentrated larvae,600µl of RNA/DNA Shield,molecular,16:27,28,4
20231213,20231212,108,200µl concentrated larvae,600µl of RNA/DNA Shield,molecular,16:34,28,5
20231213,20231212,110,200µl concentrated larvae,600µl of RNA/DNA Shield,molecular,16:36,28,8
20231213,20231212,112,200µl concentrated larvae,600µl of RNA/DNA Shield,molecular,16:39,28,9
20231213,20231212,114,200µl concentrated larvae,600µl of RNA/DNA Shield,molecular,16:41,28,10
20231213,20231212,107,200µl concentrated larvae,600µl of RNA/DNA Shield,molecular,16:30,31,1
20231213,20231212,109,200µl concentrated larvae,600µl of RNA/DNA Shield,molecular,16:35,31,2
20231213,20231212,111,200µl concentrated larvae,600µl of RNA/DNA Shield,molecular,16:37,31,3
20231213,20231212,113,200µl concentrated larvae,600µl of RNA/DNA Shield,molecular,16:40,31,6
20231213,20231212,115,200µl concentrated larvae,600µl of RNA/DNA Shield,molecular,16:42,31,7
20231213,20231212,96,800µl of homogeneous larval suspension from falcon tube,1ml of 4% formalin,size/stage/abnormalities,11:00,28,4
20231213,20231212,97,800µl of homogeneous larval suspension from falcon tube,1ml of 4% formalin,size/stage/abnormalities,11:00,28,5
20231213,20231212,98,800µl of homogeneous larval suspension from falcon tube,1ml of 4% formalin,size/stage/abnormalities,11:00,28,8
20231213,20231212,99,800µl of homogeneous larval suspension from falcon tube,1ml of 4% formalin,size/stage/abnormalities,11:00,28,9
20231213,20231212,100,800µl of homogeneous larval suspension from falcon tube,1ml of 4% formalin,size/stage/abnormalities,11:00,28,10
20231213,20231212,101,800µl of homogeneous larval suspension from falcon tube,1ml of 4% formalin,size/stage/abnormalities,11:00,31,1
20231213,20231212,102,800µl of homogeneous larval suspension from falcon tube,1ml of 4% formalin,size/stage/abnormalities,11:00,31,2
20231213,20231212,103,800µl of homogeneous larval suspension from falcon tube,1ml of 4% formalin,size/stage/abnormalities,11:00,31,3
20231213,20231212,104,800µl of homogeneous larval suspension from falcon tube,1ml of 4% formalin,size/stage/abnormalities,11:00,31,6
20231213,20231212,105,800µl of homogeneous larval suspension from falcon tube,1ml of 4% formalin,size/stage/abnormalities,11:00,31,7
20231215,20231212,129,~30ml concentrated and 400µl of larvae collected ,400µl of RNA/DNA Shield,molecular,8:02,28,8
20231215,20231212,133,~30ml concentrated and 400µl of larvae collected ,400µl of RNA/DNA Shield,molecular,8:07,28,5
20231215,20231212,137,~30ml concentrated and 400µl of larvae collected ,400µl of RNA/DNA Shield,molecular,8:11,28,4
20231215,20231212,141,~30ml concentrated and 400µl of larvae collected ,400µl of RNA/DNA Shield,molecular,8:14,28,10
20231215,20231212,145,~30ml concentrated and 400µl of larvae collected ,400µl of RNA/DNA Shield,molecular,8:19,28,9
20231215,20231212,127,~30ml concentrated and 400µl of larvae collected ,400µl of RNA/DNA Shield,molecular,8:00,31,1
20231215,20231212,131,~30ml concentrated and 400µl of larvae collected ,400µl of RNA/DNA Shield,molecular,8:05,31,6
20231215,20231212,135,~30ml concentrated and 400µl of larvae collected ,400µl of RNA/DNA Shield,molecular,8:08,31,7
20231215,20231212,139,~30ml concentrated and 400µl of larvae collected ,400µl of RNA/DNA Shield,molecular,8:12,31,2
20231215,20231212,143,~30ml concentrated and 400µl of larvae collected ,400µl of RNA/DNA Shield,molecular,8:16,31,3
20231215,20231212,128,~30ml concentrated and 100µl of larvae collected ,800µl of 4% formalin,size,8:02,28,8
20231215,20231212,132,~30ml concentrated and 100µl of larvae collected ,800µl of 4% formalin,size,8:07,28,5
20231215,20231212,136,~30ml concentrated and 100µl of larvae collected ,800µl of 4% formalin,size,8:11,28,4
20231215,20231212,140,~30ml concentrated and 100µl of larvae collected ,800µl of 4% formalin,size,8:14,28,10
20231215,20231212,144,~30ml concentrated and 100µl of larvae collected ,800µl of 4% formalin,size,8:19,28,9
20231215,20231212,124,~30ml concentrated and 100µl of larvae collected ,800µl of 4% formalin,size,8:00,31,1
20231215,20231212,130,~30ml concentrated and 100µl of larvae collected ,800µl of 4% formalin,size,8:04,31,6
20231215,20231212,134,~30ml concentrated and 100µl of larvae collected ,800µl of 4% formalin,size,8:08,31,7
20231215,20231212,138,~30ml concentrated and 100µl of larvae collected ,800µl of 4% formalin,size,8:12,31,2
20231215,20231212,142,~30ml concentrated and 100µl of larvae collected ,800µl of 4% formalin,size,8:16,31,3