"0","nrow(GO.wall)"
"1","[1]"
"1"," 15433"
"1","
"
"0","#Find only enriched GO terms that are statistically significant at chosen cutoff"
"0","#include multiple comparison testing correction"
"0","enriched.GO.05.a<- GO.wall$category[p.adjust(GO.wall$over_represented_pvalue, method = ""BH"") < .05]"
"0",""
"0",""
"0","#format as dataframe"
"0","enriched.GO.05<-data.frame(enriched.GO.05.a)"
"0",""
"0","#rename column"
"0","colnames(enriched.GO.05) <- c(""category"")"
"0",""
"0","#include enrichment information for each category (GO Term)"
"0","enriched.GO.05 <- left_join(enriched.GO.05, GO.wall, by=""category"")"
"0",""
"0",""
"0","#subset the gene ontology results"
"0","L31.MF.INT <- subset(enriched.GO.05, ontology==""MF"")"
"0","L31.MF.INT <- L31.MF.INT[order(L31.MF.INT$numDEInCat),]"
"0","L31.CC.INT <- subset(enriched.GO.05, ontology==""CC"")"
"0","L31.CC.INT <- L31.CC.INT[order(L31.CC.INT$numDEInCat),]"
"0","L31.BP.INT <- subset(enriched.GO.05, ontology==""BP"")"
"0","L31.BP.INT <- L31.BP.INT[order(L31.BP.INT$numDEInCat),]"
"0","write.csv(enriched.GO.05, file = ""output/TableS6_L31_upregDEG_Enriched_GO_Terms.csv"")"
"0",""
