"0","knitr::opts_chunk$set(echo = TRUE)"
"0",""
"0","library(""tidyverse"")"
"0","library(""DESeq2"")"
"0","library(""genefilter"")"
"0","library(""RColorBrewer"")"
"0","library(""pheatmap"")"
"0","library(""viridis"")"
"0","library(""ggplot2"")"
"0","library(""goseq"")"
"0","library(""strex"")"
"0","library(""ggpubr"")"
"0","library(""ggplotify"")"
"0","library(""EnhancedVolcano"")"
"0","library(""enrichplot"")"
"0","library(""rrvgo"")"
"0","library(""ggtree"")"
"0","library(""tidytree"")"
"0","library(""clusterProfiler"")"
"0","library(""org.Ce.eg.db"")"
"0","library(""GOSemSim"")"
"0","library(""patchwork"")"
"0",""
