"0","#set the all transcripts list"
"0","ALL<-row.names(filt.count.mat)"
"0",""
"0","#set the enrichment test list with the expressed filtered genes"
"0","DEG <- as.character(row.names(up.28.sig.list)) #set the enrichment test list"
"0",""
"0","#set ID names"
"0","#IDs <- row.names(TranscriptCountData) "
"0",""
"0","#set length information"
"0","LENGTH <-calc.lengths "
"0",""
"0","#load GO terms for all genes in the genome"
"0","GO.terms <-Annot[,c(2,13)]"
"0",""
"0","#split into multiple GO ids"
"0","splitted <- strsplit(as.character(GO.terms$Gene_ontology_IDs), "";"") "
"0",""
"0","#list all GOs with each assigned gene"
"0","GO.terms <- data.frame(v1 = rep.int(GO.terms$Gene, sapply(splitted, length)), v2 = unlist(splitted)) "
"0",""
"0","#remove empty spaces before GO"
"0","GO.terms$v2 <- gsub("" GO:"", ""GO:"",GO.terms$v2) "
"0",""
"0","#change contig lists to vectors"
"0","ALL.vector <-c(t(ALL))"
"0","DEG.vector <-c(t(DEG))"
"0","ID.vector <- LENGTH$Gene"
"0","LENGTH.vector <-LENGTH$length"
"0",""
"0","#Construct new vector with 1 for DEG and 0 for others"
"0","gene.vector <-  as.integer(ID.vector%in%DEG.vector) "
"0",""
"0","#set names"
"0","names(gene.vector)=ID.vector "
"0",""
"0","#weight vector by length of gene"
"0","DEG.pwf<-nullp(gene.vector, ID.vector, bias.data=LENGTH.vector) "
