"0","#read in metadata"
"0","sample_ColData <- read.csv(""data/Tagseq_zymo_genohub/Pverr_larvae_Seq_Sample_Info.csv"", header=TRUE, sep="","")"
"0",""
"0","#generate a grouping variable"
"0","sample_ColData$group <- paste0(sample_ColData$Stage,""_"",sample_ColData$Temperature)"
"0",""
"0","#Read in data"
"0","TranscriptCountData <- as.data.frame(read.csv(file= ""data/Tagseq_zymo_genohub/Pverr_larvae_gene_count_matrix.csv"", sep="","", header = TRUE))"
"0",""
"0","colnames(TranscriptCountData)[1] <- ""Gene"""
"0",""
"0","# change Pver_novel_gene_ to Pver_novel_model_"
"0","TranscriptCountData$Gene <- gsub(""Pver_gene_novel_gene_"", ""Pver_novel_gene_"", TranscriptCountData$Gene)"
"0",""
"0","#remove _gene_split_gene_"
"0","TranscriptCountData$Gene <- gsub(""Pver_gene_split_gene_"", ""Pver_gene_"", TranscriptCountData$Gene)"
"0",""
"0","#remove everything after the - in split gene query name"
"0","TranscriptCountData$Gene <- sub(""\\-.*"", """", TranscriptCountData$Gene)"
"0",""
"0","#Pver_gene_g14648_g14650"
"0","#add a string before the second occurrence of a string"
"0","TranscriptCountData$Gene <- gsub(""(_gene_g[0-9]+)_g"", ""\\1_gene_g"", TranscriptCountData$Gene)"
"0",""
"0","#Pver_gene_g16481_gene_g16482_g16480"
"0","#add _gene before the third occurrence of _g"
"0","TranscriptCountData$Gene[20630] <- ""Pver_gene_g16481_gene_g16482_gene_g16480"""
"0",""
"0","#list gene names"
"0","trans.genes <- (as.data.frame(TranscriptCountData$Gene))"
"0","head(trans.genes)"
