"0","colnames(trans.genes)[1] <- ""Gene"""
"0",""
"0","#check to see that all gene names in the counts data are also found in the annotation data"
"0","missing.trans.genes <- dplyr::setdiff(trans.genes, annot.genes) "
"0","length(missing.trans.genes)"
"1","[1]"
"1"," 1"
"1","
"
"0","missing.annot.genes <- dplyr::setdiff(annot.genes, trans.genes) "
"0","length(missing.annot.genes)"
"1","[1]"
"1"," 1"
"1","
"
"0","#assign the first row of gene names as rownames"
"0","rownames(TranscriptCountData) <- TranscriptCountData[,1]"
"0",""
"0","#remove gene names so only numeric counts data are in dataset"
"0","TranscriptCountData <- TranscriptCountData[,-1]"
"0",""
"0","#view data"
"0","head(TranscriptCountData)"
