sample,sample_uid,PC1,PC2,PC3,PC4,PC5,PC6,PC7,PC8,PC9,PC10,PC11,PC12
Pverr_006,185,-0.06078445591957306,-0.13955931424634588,-0.010126576968711498,-0.06556791837214737,-0.016819292634633193,-0.02417273428015408,0.05932161037838184,-0.027512642789143983,0.0,0.0,0.0,0.0
Pverr_007,186,0.16957946630711943,-0.10144571851156652,0.11196977962009501,0.02002268933789806,-0.02457968495075249,-0.07753842010517198,-0.008784807923540227,0.004375748907458896,0.0,0.0,0.0,0.0
Pverr_008,187,-0.019544186711185043,-0.13861603823698035,-0.04465710474507314,0.01968996623873902,-0.005252604483294105,0.03236380881306677,-0.025978863049623057,-0.021687561171576202,0.0,0.0,0.0,0.0
Pverr_009,188,-0.08422163380961602,0.01137295820924887,-0.12282325651882788,0.11656219031489613,-0.08376097631616478,-0.016815777991890588,0.009424338502430457,0.010937561546265502,0.0,0.0,0.0,0.0
Pverr_106,189,-0.07445935653615429,-0.007718866511815918,-0.028189899639952887,-0.038015938395250186,0.0015192039925679848,-0.012959887171754687,-0.08704684487491239,0.0005001511652515623,0.0,0.0,0.0,0.0
Pverr_107,190,0.2650880451724678,0.06454819772839436,-0.021860928052875567,-0.02969739950711494,-0.04169168118284331,0.06431488011545597,0.010340108590130483,-0.024606380026339063,0.0,0.0,0.0,0.0
Pverr_108,191,0.21323665114136756,0.17993544331607364,-0.033214038538639586,-0.015264362105951168,0.02444344830976019,-0.035816506415588735,-0.002726470439047841,0.0032287099669345504,0.0,0.0,0.0,0.0
Pverr_109,192,-0.14873700184667044,0.03261773062058821,-0.06089640802109438,-0.09613451932302668,0.046818551622044374,-0.01432273405078852,0.0011505513293396724,-0.007692279980548536,0.0,0.0,0.0,0.0
Pverr_110,193,-0.056400587382674186,-0.017926108359158716,0.13216557671033433,0.063571427955562,0.027819940505895945,0.04620030672110122,-0.013038081579011337,-0.016393880003143343,0.0,0.0,0.0,0.0
Pverr_111,194,-0.20247316029139403,0.14644994831273392,0.10068124970330522,-0.042179066313147745,-0.07559058580814926,0.013534478891577413,0.014530027243422715,0.021760628633316688,0.0,0.0,0.0,0.0
Pverr_112,195,-0.0797268135415864,0.0838760219008932,-0.0034642942796575234,0.08467151568890174,0.10349170435326133,-0.011109522967637942,0.026805767451969133,-0.011465130551455618,0.0,0.0,0.0,0.0
Pverr_113,196,0.07844303341789846,-0.11353425422206484,-0.01958409926890222,-0.017658585519358984,0.04360197659230756,0.036322108441785156,0.016002664370460544,0.06855507430297984,0.0,0.0,0.0,0.0
proportion_explained,0,0.4394883558851745,0.2352380451711835,0.11682685070027773,0.08015905538215591,0.05778758967384541,0.032005419839019944,0.024551483558410928,0.013943199789931993,0.0,0.0,0.0,0.0
