accession	message	sample_name	sample_title	bioproject_accession	organism	isolate	breed	host	isolation_source	collection_date	geo_loc_name	tissue	age	altitude	biomaterial_provider	collected_by	depth	dev_stage	env_broad_scale	host_tissue_sampled	identified_by	lat_lon	sex	specimen_voucher	temp	description	treatment	replicate
SAMN63665835	Successfully loaded	6_Pverr_ITS2	6_Pverr_ITS2_20260929	PRJNA1537128	Pocillopora verrucosa	Coral symbiont	NA	NA	NA	2023-12-12	French Polynesia:Moorea	Whole organism				University of Rhode Island		Embryo	coral reef [ENVO:00000150]						28	100l concentrated embryos were preserved in 450l of DNA/RNA Shield and stored at 4C for 3 months. Samples were then transported to URI and stored at -80C until processing.	Ambient	1
SAMN63665836	Successfully loaded	7_Pverr_ITS2	7_Pverr_ITS2_20260929	PRJNA1537128	Pocillopora verrucosa	Coral symbiont	NA	NA	NA	2023-12-12	French Polynesia:Moorea	Whole organism				University of Rhode Island		Embryo	coral reef [ENVO:00000150]						28	100l concentrated embryos were preserved in 450l of DNA/RNA Shield and stored at 4C for 3 months. Samples were then transported to URI and stored at -80C until processing.	Ambient	2
SAMN63665837	Successfully loaded	8_Pverr_ITS2	8_Pverr_ITS2_20260929	PRJNA1537128	Pocillopora verrucosa	Coral symbiont	NA	NA	NA	2023-12-12	French Polynesia:Moorea	Whole organism				University of Rhode Island		Embryo	coral reef [ENVO:00000150]						28	100l concentrated embryos were preserved in 450l of DNA/RNA Shield and stored at 4C for 3 months. Samples were then transported to URI and stored at -80C until processing.	Ambient	3
SAMN63665838	Successfully loaded	9_Pverr_ITS2	9_Pverr_ITS2_20260929	PRJNA1537128	Pocillopora verrucosa	Coral symbiont	NA	NA	NA	2023-12-12	French Polynesia:Moorea	Whole organism				University of Rhode Island		Embryo	coral reef [ENVO:00000150]						28	100l concentrated embryos were preserved in 450l of DNA/RNA Shield and stored at 4C for 3 months. Samples were then transported to URI and stored at -80C until processing.	Ambient	4
SAMN63665839	Successfully loaded	106_Pverr_ITS2	106_Pverr_ITS2_20260929	PRJNA1537128	Pocillopora verrucosa	Coral symbiont	NA	NA	NA	2023-12-13	French Polynesia:Moorea	Whole organism				University of Rhode Island		Larvae	coral reef [ENVO:00000150]						28	200l concentrated larvae were preserved in 600l of DNA/RNA Shield and stored at 4C for 3 months. Samples were then transported to URI and stored at -80C until processing.	Ambient	1
SAMN63665840	Successfully loaded	107_Pverr_ITS2	107_Pverr_ITS2_20260929	PRJNA1537128	Pocillopora verrucosa	Coral symbiont	NA	NA	NA	2023-12-13	French Polynesia:Moorea	Whole organism				University of Rhode Island		Larvae	coral reef [ENVO:00000150]						31	200l concentrated larvae were preserved in 600l of DNA/RNA Shield and stored at 4C for 3 months. Samples were then transported to URI and stored at -80C until processing.	High	1
SAMN63665841	Successfully loaded	108_Pverr_ITS2	108_Pverr_ITS2_20260929	PRJNA1537128	Pocillopora verrucosa	Coral symbiont	NA	NA	NA	2023-12-13	French Polynesia:Moorea	Whole organism				University of Rhode Island		Larvae	coral reef [ENVO:00000150]						28	200l concentrated larvae were preserved in 600l of DNA/RNA Shield and stored at 4C for 3 months. Samples were then transported to URI and stored at -80C until processing.	Ambient	2
SAMN63665842	Successfully loaded	109_Pverr_ITS2	109_Pverr_ITS2_20260929	PRJNA1537128	Pocillopora verrucosa	Coral symbiont	NA	NA	NA	2023-12-13	French Polynesia:Moorea	Whole organism				University of Rhode Island		Larvae	coral reef [ENVO:00000150]						31	200l concentrated larvae were preserved in 600l of DNA/RNA Shield and stored at 4C for 3 months. Samples were then transported to URI and stored at -80C until processing.	High	2
SAMN63665843	Successfully loaded	110_Pverr_ITS2	110_Pverr_ITS2_20260929	PRJNA1537128	Pocillopora verrucosa	Coral symbiont	NA	NA	NA	2023-12-13	French Polynesia:Moorea	Whole organism				University of Rhode Island		Larvae	coral reef [ENVO:00000150]						28	200l concentrated larvae were preserved in 600l of DNA/RNA Shield and stored at 4C for 3 months. Samples were then transported to URI and stored at -80C until processing.	Ambient	3
SAMN63665844	Successfully loaded	111_Pverr_ITS2	111_Pverr_ITS2_20260929	PRJNA1537128	Pocillopora verrucosa	Coral symbiont	NA	NA	NA	2023-12-13	French Polynesia:Moorea	Whole organism				University of Rhode Island		Larvae	coral reef [ENVO:00000150]						31	200l concentrated larvae were preserved in 600l of DNA/RNA Shield and stored at 4C for 3 months. Samples were then transported to URI and stored at -80C until processing.	High	3
SAMN63665845	Successfully loaded	112_Pverr_ITS2	112_Pverr_ITS2_20260929	PRJNA1537128	Pocillopora verrucosa	Coral symbiont	NA	NA	NA	2023-12-13	French Polynesia:Moorea	Whole organism				University of Rhode Island		Larvae	coral reef [ENVO:00000150]						28	200l concentrated larvae were preserved in 600l of DNA/RNA Shield and stored at 4C for 3 months. Samples were then transported to URI and stored at -80C until processing.	Ambient	4
SAMN63665846	Successfully loaded	113_Pverr_ITS2	113_Pverr_ITS2_20260929	PRJNA1537128	Pocillopora verrucosa	Coral symbiont	NA	NA	NA	2023-12-13	French Polynesia:Moorea	Whole organism				University of Rhode Island		Larvae	coral reef [ENVO:00000150]						31	200l concentrated larvae were preserved in 600l of DNA/RNA Shield and stored at 4C for 3 months. Samples were then transported to URI and stored at -80C until processing.	High	4
