,,,,host_info if applicable,,,,,,sampling info if applicable,,,,Please place any additional columns you wish to add to the right of 'collection_depth',,,,,,
sample_name,fastq_fwd_file_name,fastq_rev_file_name,sample_type,host_phylum,host_class,host_order,host_family,host_genus,host_species,collection_latitude,collection_longitude,collection_date,collection_depth,lifestage,,,,,,
Pverr_006,HP852_S43_L001_R1_001.fastq.gz,HP852_S43_L001_R2_001.fastq.gz,coral_field,cnidaria,hexacorallia,scleractinia,pocilloporidae,pocillopora,verrucosa,-17.4762244,-149.8076873,20231212,1,Embryo,,,,,,
Pverr_007,HP858_S20_L001_R1_001.fastq.gz,HP858_S20_L001_R2_001.fastq.gz,coral_field,cnidaria,hexacorallia,scleractinia,pocilloporidae,pocillopora,verrucosa,-17.4762244,-149.8076873,20231212,1,Embryo,,,,,,
Pverr_008,HP828_S40_L001_R1_001.fastq.gz,HP828_S40_L001_R2_001.fastq.gz,coral_field,cnidaria,hexacorallia,scleractinia,pocilloporidae,pocillopora,verrucosa,-17.4762244,-149.8076873,20231212,1,Embryo,,,,,,
Pverr_009,HP851_S31_L001_R1_001.fastq.gz,HP851_S31_L001_R2_001.fastq.gz,coral_field,cnidaria,hexacorallia,scleractinia,pocilloporidae,pocillopora,verrucosa,-17.4762244,-149.8076873,20231212,1,Embryo,,,,,,
Pverr_106,HP837_S53_L001_R1_001.fastq.gz,HP837_S53_L001_R2_001.fastq.gz,coral_field,cnidaria,hexacorallia,scleractinia,pocilloporidae,pocillopora,verrucosa,-17.4762244,-149.8076873,20231213,1,Larvae,,,,,,
Pverr_107,HP823_S75_L001_R1_001.fastq.gz,HP823_S75_L001_R2_001.fastq.gz,coral_field,cnidaria,hexacorallia,scleractinia,pocilloporidae,pocillopora,verrucosa,-17.4762244,-149.8076873,20231213,1,Larvae,,,,,,
Pverr_108,HP824_S87_L001_R1_001.fastq.gz,HP824_S87_L001_R2_001.fastq.gz,coral_field,cnidaria,hexacorallia,scleractinia,pocilloporidae,pocillopora,verrucosa,-17.4762244,-149.8076873,20231213,1,Larvae,,,,,,
Pverr_109,HP861_S56_L001_R1_001.fastq.gz,HP861_S56_L001_R2_001.fastq.gz,coral_field,cnidaria,hexacorallia,scleractinia,pocilloporidae,pocillopora,verrucosa,-17.4762244,-149.8076873,20231213,1,Larvae,,,,,,
Pverr_110,HP833_S5_L001_R1_001.fastq.gz,HP833_S5_L001_R2_001.fastq.gz,coral_field,cnidaria,hexacorallia,scleractinia,pocilloporidae,pocillopora,verrucosa,-17.4762244,-149.8076873,20231213,1,Larvae,,,,,,
Pverr_111,HP838_S65_L001_R1_001.fastq.gz,HP838_S65_L001_R2_001.fastq.gz,coral_field,cnidaria,hexacorallia,scleractinia,pocilloporidae,pocillopora,verrucosa,-17.4762244,-149.8076873,20231213,1,Larvae,,,,,,
Pverr_112,HP841_S6_L001_R1_001.fastq.gz,HP841_S6_L001_R2_001.fastq.gz,coral_field,cnidaria,hexacorallia,scleractinia,pocilloporidae,pocillopora,verrucosa,-17.4762244,-149.8076873,20231213,1,Larvae,,,,,,
Pverr_113,HP859_S32_L001_R1_001.fastq.gz,HP859_S32_L001_R2_001.fastq.gz,coral_field,cnidaria,hexacorallia,scleractinia,pocilloporidae,pocillopora,verrucosa,-17.4762244,-149.8076873,20231213,1,Larvae,,,,,,