"0","#### Plotting DEG heatmap"
"0",""
"0","#set group colors"
"0","ann_colors = list("
"0","  group = c(""Larvae_31"" = ""red"",""Larvae_28"" = ""lightblue""))"
"0",""
"0","#make matrix"
"0","mat <- assay(rsig)"
"0",""
"0","#make dataframe"
"0","df <- data.frame(colData(rsig)[c(""group"")])"
"0",""
"0","#plot heatmap by site"
"0","#pdf(""output/Pverr_larvae_Temperature_DEG_heaptmap_relative.pdf"")"
"0","Hmap <- pheatmap(mat, color=inferno(10), annotation_col = df, annotation_colors = ann_colors, clustering_method = ""average"", scale=""row"",  clustering_distance_rows=""euclidean"", show_rownames =F, fontsize_row=8, cluster_cols=T, show_colnames =F, gaps_col = c(5)) #plot heatmap of all DEG by group"
