"0","# Filter to BP only"
"0","bp_emb <- enriched.emb.plot |> dplyr::filter(ontology == ""BP"")"
"0","bp_lar <- enriched.lar.plot |> dplyr::filter(ontology == ""BP"")"
"0","cat(""BP terms - Embryo:"", nrow(bp_emb), ""| Larvae:"", nrow(bp_lar), ""\n"")"
"1","BP terms - Embryo:"
"1"," "
"1","18"
"1"," "
"1","| Larvae:"
"1"," "
"1","33"
"1"," "
"1","
"
"0","# Compute rrvgo parent term assignments for both stages"
"0","# Note: reducedTerms.BP.LAR already computed above; rerun here on bp_lar to ensure alignment"
"0","simMatrix.BP.LAR.plot <- calculateSimMatrix(bp_lar$category,"
"0","                                            orgdb  = ""org.Ce.eg.db"","
"0","                                            ont    = ""BP"","
"0","                                            method = ""Rel"")"
"0","scores.BP.LAR.plot <- setNames(-log(bp_lar$over_represented_pvalue), bp_lar$category)"
"0","reducedTerms.BP.LAR.plot <- reduceSimMatrix(simMatrix.BP.LAR.plot, scores.BP.LAR.plot,"
"0","                                            threshold = 0.9, orgdb = ""org.Ce.eg.db"")"
"0","colnames(reducedTerms.BP.LAR.plot)[1] <- ""category"""
"0",""
"0","simMatrix.BP.EMB.plot <- calculateSimMatrix(bp_emb$category,"
"0","                                            orgdb  = ""org.Ce.eg.db"","
"0","                                            ont    = ""BP"","
"0","                                            method = ""Rel"")"
"0","scores.BP.EMB.plot <- setNames(-log(bp_emb$over_represented_pvalue), bp_emb$category)"
"0","reducedTerms.BP.EMB.plot <- reduceSimMatrix(simMatrix.BP.EMB.plot, scores.BP.EMB.plot,"
"0","                                            threshold = 0.9, orgdb = ""org.Ce.eg.db"")"
"0","colnames(reducedTerms.BP.EMB.plot)[1] <- ""category"""
"0",""
"0","# Union parent assignments — larvae takes precedence for shared terms;"
"0","# terms not covered by org.Ce.eg.db are labelled ""Other / not in OrgDb"""
"0","all_parents <- dplyr::bind_rows("
"0","    reducedTerms.BP.LAR.plot |> dplyr::select(category, parentTerm),"
"0","    reducedTerms.BP.EMB.plot |> dplyr::select(category, parentTerm)"
"0","  ) |>"
"0","  dplyr::distinct(category, .keep_all = TRUE)"
"0",""
"0","bp_combined <- dplyr::bind_rows(bp_emb, bp_lar) |>"
"0","  dplyr::left_join(all_parents, by = ""category"") |>"
"0","  dplyr::mutate(parentTerm = dplyr::if_else(is.na(parentTerm),"
"0","                                             ""Other / not in OrgDb"", parentTerm))"
"0",""
"0","# Y-axis order: group by parent term, sort within by gene_ratio descending"
"0","term_order <- bp_combined |>"
"0","  dplyr::arrange(parentTerm, dplyr::desc(gene_ratio)) |>"
"0","  dplyr::distinct(term, parentTerm) |>"
"0","  dplyr::mutate(y_pos = dplyr::row_number())"
"0",""
"0","# Background rectangle data (one per parent group)"
"0","rect_df <- term_order |>"
"0","  dplyr::group_by(parentTerm) |>"
"0","  dplyr::summarise(ymin  = min(y_pos) - 0.5,"
"0","                   ymax  = max(y_pos) + 0.5,"
"0","                   y_mid = (min(y_pos) + max(y_pos)) / 2,"
"0","                   .groups = ""drop"") |>"
"0","  dplyr::arrange(ymin)"
"0",""
"0","# Color palette — one color per parent group"
"0","parent_cols <- colorRampPalette(c(brewer.pal(8, ""Dark2""), brewer.pal(9, ""Set1"")))(nrow(rect_df))"
"0","names(parent_cols) <- rect_df$parentTerm"
"0",""
"0","# Plot data — numeric x positions (1 = Embryo, 2 = Larvae)"
"0","bp_plot_df <- bp_combined |>"
"0","  dplyr::left_join(term_order |> dplyr::select(term, y_pos), by = ""term"") |>"
"0","  dplyr::mutate(x_pos = dplyr::if_else(stage == ""Embryo_28"", 1L, 2L))"
"0",""
"0","bp_grouped_plot <- ggplot() +"
"0","  geom_rect(data = rect_df,"
"0","            aes(xmin = 0.5, xmax = 2.5, ymin = ymin, ymax = ymax),"
"0","            fill      = NA,"
"0","            color     = ""gray"",#parent_cols[rect_df$parentTerm],"
"0","            linewidth = 0.6) +"
"0","  geom_text(data = rect_df,"
"0","            aes(x = 0.35, y = y_mid,"
"0","                label = stringr::str_wrap(parentTerm, width = 30)),"
"0","            hjust = 1, size = 3.5, fontface = ""italic"", lineheight = 0.85) +"
"0","  geom_point(data = bp_plot_df,"
"0","             aes(x = x_pos, y = y_pos,"
"0","                 size = numDEInCat, color = -log10(padj)),"
"0","             na.rm = TRUE) +"
"0","  scale_color_viridis_c(option = ""plasma"", name = ""-log10(padj)"") +"
"0","  scale_size_continuous(name = ""DEG count"", range = c(1, 7)) +"
"0","  scale_x_continuous(breaks = c(1, 2),"
"0","                     labels = c(""Embryos"", ""Larvae""),"
"0","                     position = ""top"") +"
"0","  scale_y_continuous(breaks = term_order$y_pos,"
"0","                     labels = term_order$term,"
"0","                     expand = c(0.01, 0.01),"
"0","                     position = ""right"") +"
"0","  labs(x = NULL, y = NULL) +"
"0","  coord_cartesian(xlim = c(0.5, 2.5), clip = ""off"") +"
"0","  theme_bw() +"
"0","  theme(axis.text.y        = element_text(size = 6),"
"0","        axis.text.x        = element_text(size = 14, face = ""bold""),"
"0","        panel.border       = element_blank(),"
"0","        panel.grid         = element_blank(),"
"0","        legend.position  = ""bottom"","
"0","        plot.margin        = margin(5, 5, 5, 220))"
"0","bp_grouped_plot"
