"0","#calculate the similarity of GO terms in the expressed list for MF"
"0","simMatrix <- calculateSimMatrix(LAR.MF.INT$category,"
"0","                                orgdb=""org.Ce.eg.db"", "
"0","                                ont=c(""MF""),"
"0","                                method=""Rel"")"
"0",""
"0","#scoring sig enriched terms by pvalue"
"0","scores <- setNames(-log(LAR.MF.INT$over_represented_pvalue), LAR.MF.INT$category)"
"0",""
"0","#reducing sig enriched terms to higher order parent terms and grouping them together by a threshold value"
"0","#and weighting them by scores of pvalue"
"0","#higher thresholds result in fewer groups"
"0","reducedTerms.MF.LAR <- reduceSimMatrix(simMatrix,"
"0","                                scores,"
"0","                                threshold=0.9,"
"0","                                orgdb=""org.Ce.eg.db"")"
"0","colnames(reducedTerms.MF.LAR)[1] <- ""category"""
"0",""
"0","#calculate the number of unique parent terms"
"0","length(unique(reducedTerms.MF.LAR$parentTerm))"
"1","[1]"
"1"," 12"
"1","
"
"0","#list the unique parent terms"
"0","unique(reducedTerms.MF.LAR$parentTerm)"
"1"," [1]"
"1"," ""structural constituent of ribosome""          "
"1"," ""RNA binding""                                 "
"1","
"
"1"," [3]"
"1"," ""unfolded protein binding""                    "
"1"," ""transcription coactivator activity""          "
"1","
"
"1"," [5]"
"1"," ""threonine-type endopeptidase activity""       "
"1"," ""NADH dehydrogenase (ubiquinone) activity""    "
"1","
"
"1"," [7]"
"1"," ""nucleoside diphosphate kinase activity""      "
"1"," ""peptidyl-prolyl cis-trans isomerase activity"""
"1","
"
"1"," [9]"
"1"," ""GTPase activator activity""                   "
"1"," ""phosphatidylinositol-4-phosphate binding""    "
"1","
"
"1","[11]"
"1"," ""ribonucleoprotein complex binding""           "
"1"," ""2 iron, 2 sulfur cluster binding""            "
"1","
"
"0","#plot GO terms under their parent terms"
"0","#pdf(""figures/Figure4_MF_larval_expression.pdf"", width = 18, height = 8)"
"0","#treemapPlot(reducedTerms.MF.LAR, force.print.labels=T)"
"0","#dev.off()"
"0",""
"0","#png(""figures/Figure4_MF_larval_expression.png"", width = 18, height = 8, units = ""in"", res = 300)"
"0","#treemapPlot(reducedTerms.MF.LAR, force.print.labels=T)"
"0","#dev.off()"
"0",""
