"0","#read in the genome gff file"
"0","calc.lengths <- read.table(""data/Tagseq_zymo_genohub/Pver_genome_assembly_v1.0_modified.gff3"", header=F)"
"0",""
"0","UTRs <- calc.lengths |> filter(V3==""three_prime_UTR"")"
"0",""
"0","#filter to the mRNA"
"0","calc.lengths <- calc.lengths |> filter(V3==""gene"")"
"0",""
"0","#calculate the length from the stop and start values"
"0","calc.lengths$length <- calc.lengths$V5 - calc.lengths$V4"
"0",""
"0","#trim the IDs to the gene name only"
"0","calc.lengths$V9 <- str_before_nth(calc.lengths$V9, ""\\;"", 1)"
"0","calc.lengths$V9 <- gsub(""ID="", """", calc.lengths$V9)"
"0","calc.lengths$V9 <- gsub(""-.*"","""",calc.lengths$V9)"
"0",""
"0","# change Pver_novel_gene_ to Pver_novel_model_"
"0","calc.lengths$V9 <- gsub(""Pver_gene_novel_gene_"", ""Pver_novel_gene_"", calc.lengths$V9)"
"0",""
"0","calc.lengths$V9 <- gsub(""Pver_gene_split_gene_"", ""Pver_gene_"", calc.lengths$V9)"
"0",""
"0","#add a string before the second occurrence of a string"
"0","calc.lengths$V9 <- gsub(""(_gene_g[0-9]+)_g"", ""\\1_gene_g"", calc.lengths$V9)"
"0",""
"0","#add _gene before the third occurrence of _g"
"0","calc.lengths$V9[16445] <- ""Pver_gene_g16481_gene_g16482_gene_g16480"""
"0",""
"0","#subset the dataframe to gene name and gene length"
"0","calc.lengths <- calc.lengths[,c(9:10)]"
"0",""
"0","#rename the column"
"0","colnames(calc.lengths)[1] <- ""Gene"""
"0",""
"0","#list gene names"
"0","gff.genes <- (as.data.frame(calc.lengths$Gene))"
"0","head(gff.genes)"
