"0","# Shared color limits across both panels for direct comparison"
"0","color_limits <- range(-log10(bp_combined$padj), na.rm = TRUE)"
"0",""
"0","# --- Embryo panel data ---"
"0","bp_emb_only <- bp_combined |> dplyr::filter(stage == ""Embryo_28"")"
"0",""
"0","term_order_emb <- bp_emb_only |>"
"0","  dplyr::arrange(parentTerm, dplyr::desc(gene_ratio)) |>"
"0","  dplyr::distinct(term, parentTerm) |>"
"0","  dplyr::mutate(y_pos = dplyr::row_number())"
"0",""
"0","rect_df_emb <- term_order_emb |>"
"0","  dplyr::group_by(parentTerm) |>"
"0","  dplyr::summarise(ymin  = min(y_pos) - 0.5,"
"0","                   ymax  = max(y_pos) + 0.5,"
"0","                   y_mid = (min(y_pos) + max(y_pos)) / 2,"
"0","                   .groups = ""drop"") |>"
"0","  dplyr::arrange(ymin)"
"0",""
"0","bp_emb_plotdf <- bp_emb_only |>"
"0","  dplyr::left_join(term_order_emb |> dplyr::select(term, y_pos), by = ""term"")"
"0",""
"0","# --- Larvae panel data ---"
"0","bp_lar_only <- bp_combined |> dplyr::filter(stage == ""Larvae_28"")"
"0",""
"0","term_order_lar <- bp_lar_only |>"
"0","  dplyr::arrange(parentTerm, dplyr::desc(gene_ratio)) |>"
"0","  dplyr::distinct(term, parentTerm) |>"
"0","  dplyr::mutate(y_pos = dplyr::row_number())"
"0",""
"0","rect_df_lar <- term_order_lar |>"
"0","  dplyr::group_by(parentTerm) |>"
"0","  dplyr::summarise(ymin  = min(y_pos) - 0.5,"
"0","                   ymax  = max(y_pos) + 0.5,"
"0","                   y_mid = (min(y_pos) + max(y_pos)) / 2,"
"0","                   .groups = ""drop"") |>"
"0","  dplyr::arrange(ymin)"
"0",""
"0","bp_lar_plotdf <- bp_lar_only |>"
"0","  dplyr::left_join(term_order_lar |> dplyr::select(term, y_pos), by = ""term"")"
"0",""
"0","# Shared theme for both panels"
"0","panel_theme <- theme_bw() +"
"0","  theme(axis.text.y  = element_text(size = 10),"
"0","        axis.text.x  = element_text(size = 20, face = ""bold""),"
"0","        panel.border = element_blank(),"
"0","        panel.grid   = element_blank(),"
"0","        plot.margin  = margin(5, 5, 5, 200))"
"0",""
"0","# --- Embryo panel ---"
"0","plot_emb <- ggplot() +"
"0","  geom_rect(data = rect_df_emb,"
"0","            aes(xmin = 0.5, xmax = 1.5, ymin = ymin, ymax = ymax),"
"0","            fill = NA, color = ""gray"", linewidth = 0.6) +"
"0","  geom_text(data = rect_df_emb,"
"0","            aes(x = 0.35, y = y_mid,"
"0","                label = stringr::str_wrap(parentTerm, width = 30)),"
"0","            hjust = 1, size = 4, fontface = ""italic"", lineheight = 0.85) +"
"0","  geom_point(data = bp_emb_plotdf,"
"0","             aes(x = 1, y = y_pos, size = numDEInCat, color = -log10(padj))) +"
"0","  scale_color_viridis_c(option = ""plasma"", name = ""-log10(padj)"", limits = color_limits) +"
"0","  scale_size_continuous(name = ""DEG count"", range = c(1, 7)) +"
"0","  scale_x_continuous(breaks = 1, labels = ""Embryos"", position = ""top"") +"
"0","  scale_y_continuous(breaks = term_order_emb$y_pos,"
"0","                     labels = stringr::str_wrap(term_order_emb$term, width = 50),"
"0","                     expand = c(0.01, 0.01), position = ""right"") +"
"0","  labs(x = NULL, y = NULL) +"
"0","  coord_cartesian(xlim = c(0.5, 1.5), clip = ""off"") +"
"0","  panel_theme"
"0",""
"0","# --- Larvae panel ---"
"0","plot_lar <- ggplot() +"
"0","  geom_rect(data = rect_df_lar,"
"0","            aes(xmin = 0.5, xmax = 1.5, ymin = ymin, ymax = ymax),"
"0","            fill = NA, color = ""gray"", linewidth = 0.6) +"
"0","  geom_text(data = rect_df_lar,"
"0","            aes(x = 0.35, y = y_mid,"
"0","                label = stringr::str_wrap(parentTerm, width = 30)),"
"0","            hjust = 1, size = 4, fontface = ""italic"", lineheight = 0.85) +"
"0","  geom_point(data = bp_lar_plotdf,"
"0","             aes(x = 1, y = y_pos, size = numDEInCat, color = -log10(padj))) +"
"0","  scale_color_viridis_c(option = ""plasma"", name = ""-log10(padj)"", limits = color_limits) +"
"0","  scale_size_continuous(name = ""DEG count"", range = c(1, 7)) +"
"0","  scale_x_continuous(breaks = 1, labels = ""Larvae"", position = ""top"") +"
"0","  scale_y_continuous(breaks = term_order_lar$y_pos,"
"0","                     labels = stringr::str_wrap(term_order_lar$term, width = 50),"
"0","                     expand = c(0.01, 0.01), position = ""right"") +"
"0","  labs(x = NULL, y = NULL) +"
"0","  coord_cartesian(xlim = c(0.5, 1.5), clip = ""off"") +"
"0","  panel_theme"
"0",""
"0","# Combine with patchwork; share legends at bottom"
"0","bp_grouped_plot <- (plot_emb | plot_lar) +"
"0","  plot_layout(guides = ""collect"") &"
"0","  theme(legend.position = ""bottom"")"
"0","bp_grouped_plot"
